IRSZ.;CíMHELY NEVE;JELLEGE;VÁROSRÉSZ;1.SZÁM;1.JEL;2.SZÁM;2.JEL;;;;;;
6728;1.;utca;Baktó;0;;0;;;;;;;
6728;10.;utca;Baktó;0;;0;;;;;;;
6728;11.;utca;Baktó;0;;0;;;;;;;
6728;12.;utca;Baktó;0;;0;;;;;;;
6728;13.;utca;Baktó;0;;0;;;;;;;
6728;14.;utca;Baktó;0;;0;;;;;;;
6728;15.;utca;Baktó;0;;0;;;;;;;
6728;16.;utca;Baktó;0;;0;;;;;;;
6728;17.;utca;Baktó;0;;0;;;;;;;
6728;18.;utca;Baktó;0;;0;;;;;;;
6728;19.;utca;Baktó;0;;0;;;;;;;
6728;2.;utca;Baktó;0;;0;;;;;;;
6728;20.;utca;Baktó;0;;0;;;;;;;
6728;21.;utca;Baktó;0;;0;;;;;;;
6728;22.;utca;Baktó;0;;0;;;;;;;
6728;23.;utca;Baktó;0;;0;;;;;;;
6728;24.;utca;Baktó;0;;0;;;;;;;
6728;25.;utca;Baktó;0;;0;;;;;;;
6728;26.;utca;Baktó;0;;0;;;;;;;
6728;27.;utca;Baktó;0;;0;;;;;;;
6728;28.;utca;Baktó;0;;0;;;;;;;
6728;29.;utca;Baktó;0;;0;;;;;;;
6728;3.;utca;Baktó;0;;0;;;;;;;
6728;30.;utca;Baktó;0;;0;;;;;;;
6728;31.;utca;Baktó;0;;0;;;;;;;
6728;32.;utca;Baktó;0;;0;;;;;;;
6728;33.;utca;Baktó;0;;0;;;;;;;
6728;34.;utca;Baktó;0;;0;;;;;;;
6728;35.;utca;Baktó;0;;0;;;;;;;
6728;36.;utca;Baktó;0;;0;;;;;;;
6728;37.;utca;Baktó;0;;0;;;;;;;
6728;38.;utca;Baktó;0;;0;;;;;;;
6728;39.;utca;Baktó;0;;0;;;;;;;
6728;4.;utca;Baktó;0;;0;;;;;;;
6728;40.;utca;Baktó;0;;0;;;;;;;
6728;41.;utca;Baktó;0;;0;;;;;;;
6728;42.;utca;Baktó;0;;0;;;;;;;
6728;43.;utca;Baktó;0;;0;;;;;;;
6728;44.;utca;Baktó;0;;0;;;;;;;
6728;45.;utca;Baktó;0;;0;;;;;;;
6728;46.;utca;Baktó;0;;0;;;;;;;
6728;47.;utca;Baktó;0;;0;;;;;;;
6728;48.;utca;Baktó;0;;0;;;;;;;
6728;49.;utca;Baktó;0;;0;;;;;;;
6728;5.;utca;Baktó;0;;0;;;;;;;
6728;50.;utca;Baktó;0;;0;;;;;;;
6728;51.;utca;Baktó;0;;0;;;;;;;
6728;52.;utca;Baktó;0;;0;;;;;;;
6728;53.;utca;Baktó;0;;0;;;;;;;
6728;54.;utca;Baktó;0;;0;;;;;;;
6728;55.;utca;Baktó;0;;0;;;;;;;
6728;56.;utca;Baktó;0;;0;;;;;;;
6728;57.;utca;Baktó;0;;0;;;;;;;
6728;58.;utca;Baktó;0;;0;;;;;;;
6728;59.;utca;Baktó;0;;0;;;;;;;
6728;60.;utca;Baktó;0;;0;;;;;;;
6728;6.;utca;Baktó;0;;0;;;;;;;
6728;7.;utca;Baktó;0;;0;;;;;;;
6728;8.;utca;Baktó;0;;0;;;;;;;
6728;9.;utca;Baktó;0;;0;;;;;;;
6726;Aba                 ;utca;;0;;0;;;;;;;
6726;Ábel                ;utca;;0;;0;;;;;;;
6753;Abony               ;utca;Tápé;0;;0;;;;;;;
6727;Acél                ;utca;;0;;0;;;;;;;
6724;Ács                 ;utca;;0;;0;;;;;;;
6791;Acsalapu;utca;;0;;0;;;;;;;
6729;Adai                ;utca;;0;;0;;;;;;;
6753;Ádám                ;utca;Tápé;0;;0;;;;;;;
6791;Adél                ;köz;Kiskundorozsma;0;;0;;;;;;;
6753;Adorján             ;utca;Tápé;0;;0;;;;;;;
6722;Ady                 ;tér;;0;;0;;;;;;;
6791;Áfonya;utca;Kiskundorozsma;0;;0;;;;;;;
6723;Ág                  ;utca;;0;;0;;;;;;;
6791;Aggófû;utca;;0;;0;;;;;;;
6726;Ágnes               ;utca;;0;;0;;;;;;;
6723;Agyagos             ;utca;;0;;0;;;;;;;
6710;Ajtony              ;köz;Szentmihály;0;;0;;;;;;;
6726;Akácfa              ;utca;;0;;0;;;;;;;
6726;Akácvirág;köz;;0;;0;;;;;;;
6753;Ákos                ;utca;Tápé;0;;0;;;;;;;
6722;Alföldi             ;utca;;1;;9;;;;;;;
6722;Alföldi             ;utca;;2;;12;;;;;;;
6725;Alföldi             ;utca;;-3;;0;;;;;;;
6727;Algyõi;út;;-1;;0;;;;;;;
6728;Algyõi ;út;;-2;;0;;;;;;;
6729;Alig                ;utca;;0;;0;;;;;;;
6725;Alkony              ;utca;;0;;0;;;;;;;
6728;Alkotmány           ;utca;;0;;0;;;;;;;
6725;Állomás             ;utca;;0;;0;;;;;;;
6728;Alma                ;utca;;0;;0;;;;;;;
6710;Álmos               ;köz;Szentmihály;0;;0;;;;;;;
6726;Alsó kikötõ         ;sor;;0;;0;;;;;;;
6725;Alsó-nyomási         ;sor;;0;;0;;;;;;;
6725;Alsótiszapart      ;;;0;;0;;;;;;;
6725;Alsóvárosi feketeföldek;;;0;;0;;;;;;;
6726;Altorjay István;utca;;0;;0;;;;;;;
6726;Ambrus              ;utca;;0;;0;;;;;;;
6757;Ananász;utca;Gyálarét;0;;0;;;;;;;
6726;András              ;utca;;0;;0;;;;;;;
6791;Ánizs;utca;Kiskundorozsma;0;;0;;;;;;;
6726;Anna                ;utca;;0;;0;;;;;;;
6722;Apáca               ;utca;;3;;4;;;;;;;
6725;Apáca               ;utca;;-3;;0;;;;;;;
6757;Apály               ;utca;Gyálarét;0;;0;;;;;;;
6720;Apáthy István             ;utca;;0;;0;;;;;;;
6729;Apatini             ;utca;;0;;0;;;;;;;
6771;Apátság             ;utca;Szõreg;0;;0;;;;;;;
6720;Aradi vértanúk      ;tere;;0;;0;;;;;;;
6726;Aranka              ;utca;;0;;0;;;;;;;
6720;Arany János         ;utca;;0;;0;;;;;;;
6726;Aranymûves;köz;;0;;0;;;;;;;
6726;Aranyosi            ;utca;;0;;0;;;;;;;
6725;Araszt              ;utca;;0;;0;;;;;;;
6753;Arató               ;utca;Tápé;0;;0;;;;;;;
6721;Árbóc               ;utca;;0;;0;;;;;;;
6791;Árnika;utca;Kiskundorozsma;0;;0;;;;;;;
6753;Árnyas              ;utca;Tápé;0;;0;;;;;;;
6753;Árok                ;utca;Tápé;0;;0;;;;;;;
6791;Árpa                ;utca;Kiskundorozsma;0;;0;;;;;;;
6720;Árpád               ;tér;;0;;0;;;;;;;
6724;Árva                ;utca;;0;;0;;;;;;;
6791;Árvacsalán;köz;;0;;0;;;;;;;
6753;Árvácska            ;utca;Tápé;0;;0;;;;;;;
6791;Árvalányhaj;utca;;0;;0;;;;;;;
6724;Árvíz               ;utca;;0;;0;;;;;;;
6753;Ásványhát           ;utca;Tápé;0;;0;;;;;;;
6791;Aszat;köz;;0;;0;;;;;;;
6726;Asztalos            ;utca;;0;;0;;;;;;;
6791;Atracél;köz;;0;;0;;;;;;;
6726;Átrium              ;köz;;0;;0;;;;;;;
6722;Attila              ;utca;;0;;0;;;;;;;
6723;Avar                ;utca;;0;;0;;;;;;;
6727;Babér               ;utca;;0;;0;;;;;;;
6726;Babits Mihály       ;utca;;0;;0;;;;;;;
6728;Back Bernát;utca;;0;;0;;;;;;;
6757;Bacsó Béla          ;utca;Gyálarét;0;;0;;;;;;;
6726;Bagoly              ;utca;;0;;0;;;;;;;
6728;Bajai;út;;0;;0;;;;;;;
6728;Bajmóci            ;utca;;0;;0;;;;;;;
6727;Bajnok              ;utca;;0;;0;;;;;;;
6720;Bajza               ;utca;;0;;0;;;;;;;
6724;Bakay Nándor        ;utca;;0;;0;;;;;;;
6727;Bakcsó;köz;;0;;0;;;;;;;
6727;Bakonyi             ;utca;;0;;0;;;;;;;
6728;Bakterház;út;;0;;0;;;;;;;
6728;Baktói              ;utca;;0;;0;;;;;;;
6726;Bal;fasor;;0;;0;;;;;;;
6791;Balabás             ;utca;Kiskundorozsma;0;;0;;;;;;;
6791;Balajthy            ;utca;Kiskundorozsma;0;;0;;;;;;;
6727;Balatoni            ;utca;;0;;0;;;;;;;
6729;Balázs Béla         ;utca;;0;;0;;;;;;;
6724;Bálint Sándor       ;utca;;0;;0;;;;;;;
6791;Ballada             ;utca;Kiskundorozsma;0;;0;;;;;;;
6725;Ballagi-tó          ;sor;;0;;0;;;;;;;
6753;Balogh;tanya;;0;;0;;;;;;;
6791;Baltacin;utca;;0;;0;;;;;;;
6725;Bálvány             ;utca;;0;;0;;;;;;;
6757;Banán;utca;Gyálarét;0;;0;;;;;;;
6727;Bánk bán            ;utca;;0;;0;;;;;;;
6725;Bánomkert           ;sor;;0;;0;;;;;;;
6771;Bánya               ;utca;Szõreg;0;;0;;;;;;;
6757;Barack;utca;Gyálarét;0;;0;;;;;;;
6725;Barát               ;utca;;0;;0;;;;;;;
6791;Barátság            ;utca;Kiskundorozsma;0;;0;;;;;;;
6771;Barázda             ;utca;Szõreg;0;;0;;;;;;;
6726;Barcsay Károly;utca;;0;;0;;;;;;;
6721;Bárka               ;utca;;0;;0;;;;;;;
6727;Barna;utca;;0;;0;;;;;;;
6728;Baromfinevelõ;út;;0;;0;;;;;;;
6726;Baross László       ;utca;;0;;0;;;;;;;
6791;Bársonykerep;utca;;0;;0;;;;;;;
6723;Bártfai             ;utca;;0;;0;;;;;;;
6722;Bartók              ;tér;;0;;0;;;;;;;
6724;Bartucz Lajos;utca;;0;;0;;;;;;;
6791;Basahíd             ;utca;Kiskundorozsma;0;;0;;;;;;;
6727;Bástya              ;sor;;0;;0;;;;;;;
6722;Batthyány           ;utca;;0;;0;;;;;;;
6710;Bazsalikom          ;utca;Szentmihály;0;;0;;;;;;;
6723;Becsei              ;utca;;0;;0;;;;;;;
6722;Bécsi               ;körút;;-1;;0;;;;;;;
6725;Bécsi               ;körút;;-2;;0;;;;;;;
6722;Béke                ;utca;;0;;0;;;;;;;
6720;Béla                ;utca;;0;;0;;;;;;;
6771;Belsõ-tó;köz;Szõreg;0;;0;;;;;;;
6753;Belvíz              ;utca;Tápé;0;;0;;;;;;;
6725;Bem                 ;utca;;0;;0;;;;;;;
6791;Bence               ;utca;Kiskundorozsma;0;;0;;;;;;;
6753;Bencfahát          ;utca;Tápé;0;;0;;;;;;;
6727;Benczúr Gyula             ;utca;;0;;0;;;;;;;
6721;Bercsényi           ;utca;;0;;0;;;;;;;
6753;Beregi              ;sor;Tápé;0;;0;;;;;;;
6724;Beretzk Péter       ;utca;;0;;0;;;;;;;
6753;Berettyó            ;utca;Tápé;0;;0;;;;;;;
6791;Berkenye            ;utca;Kiskundorozsma;0;;0;;;;;;;
6726;Bérkert             ;utca;;0;;0;;;;;;;
6721;Berlini             ;körút;;-2;;0;;;;;;;
6724;Berlini             ;körút;;-1;;0;;;;;;;
6728;Bernát;köz;;0;;0;;;;;;;
6728;Berta ;tanya;;0;;0;;;;;;;
6726;Bertalan            ;utca;;0;;0;;;;;;;
6720;Berzsenyi           ;utca;;0;;0;;;;;;;
6753;Beszterce           ;utca;Tápé;0;;0;;;;;;;
6791;Bethlen Gábor       ;utca;Kiskundorozsma;0;;0;;;;;;;
6753;Bezdán;tanya;;0;;0;;;;;;;
6728;Biacsi;tanya;;0;;0;;;;;;;
6726;Bíbic               ;utca;;0;;0;;;;;;;
6724;Bibó István;utca;;0;;0;;;;;;;
6723;Bihari              ;utca;;0;;0;;;;;;;
6723;Bimbó               ;utca;;0;;0;;;;;;;
6726;Birkózó             ;köz;;0;;0;;;;;;;
6757;Birs;utca;Gyálarét;0;;0;;;;;;;
6723;Bite Pál            ;utca;;0;;0;;;;;;;
6726;Blaha Lujza         ;utca;;0;;0;;;;;;;
6721;Bocskai             ;utca;;0;;0;;;;;;;
6726;Boda Domokos;utca;;0;;0;;;;;;;
6729;Bódi Vera           ;utca;;0;;0;;;;;;;
6729;Bodobács;utca;Tompasziget;0;;0;;;;;;;
6722;Bódogh János        ;utca;;0;;0;;;;;;;
6728;Bodom;tanya;;0;;0;;;;;;;
6710;Bodomi              ;út;Szentmihály;0;;0;;;;;;;
6710;Bodorka;köz;Szentmihály;0;;0;;;;;;;
6710;Bodorka;utca;Szentmihály;0;;0;;;;;;;
6724;Bodzafa             ;utca;;0;;0;;;;;;;
6710;Bogár;út;;0;;0;;;;;;;
6726;Boglárka            ;utca;;0;;0;;;;;;;
6728;Bognár              ;utca;;0;;0;;;;;;;
6753;Bojtorján;utca;Tápé;0;;0;;;;;;;
6722;Bokor               ;utca;;-3;;0;;;;;;;
6725;Bokor               ;utca;;1;;5;;;;;;;
6725;Bokor               ;utca;;2;;4;;;;;;;
6771;Bokréta             ;utca;Szõreg;0;;0;;;;;;;
6726;Boldizsár           ;utca;;0;;0;;;;;;;
6722;Boldogasszony       ;sugárút;;1;;41;;;;;;;
6725;Boldogasszony       ;sugárút;;-3;;0;;;;;;;
6771;Boldogasszony       ;utca;Szõreg;0;;0;;;;;;;
6722;Bolyai János        ;utca;;0;;0;;;;;;;
6753;Bolygó              ;utca;Tápé;0;;0;;;;;;;
6728;Bor                 ;utca;;0;;0;;;;;;;
6726;Borbála             ;utca;;0;;0;;;;;;;
6725;Borbás              ;utca;;0;;0;;;;;;;
6791;Bordányi            ;köz;Kiskundorozsma;0;;0;;;;;;;
6791;Bordányi            ;út;Kiskundorozsma;0;;0;;;;;;;
6729;Bori Mihály         ;utca;;0;;0;;;;;;;
6791;Boróka;utca;Kiskundorozsma;0;;0;;;;;;;
6724;Boros József       ;köz;;0;;0;;;;;;;
6724;Boros József       ;utca;;0;;0;;;;;;;
6726;Borostyán           ;utca;;0;;0;;;;;;;
6757;Borostyán;liget;;0;;0;;;;;;;
6791;Bors;utca;Kiskundorozsma;0;;0;;;;;;;
6791;Borsika;utca;Kiskundorozsma;0;;0;;;;;;;
6725;Boszorkánysziget    ;utca;;0;;0;;;;;;;
6753;Botond              ;utca;Tápé;0;;0;;;;;;;
6791;Bölcs               ;utca;Kiskundorozsma;0;;0;;;;;;;
6723;Bölcsõde            ;utca;;0;;0;;;;;;;
6753;Börzsöny            ;utca;Tápé;0;;0;;;;;;;
6791;Brassói             ;utca;Kiskundorozsma;0;;0;;;;;;;
6791;Brassói             ;köz;Kiskundorozsma;0;;0;;;;;;;
6710;Brigád              ;köz;Szentmihály;0;;0;;;;;;;
6791;Bródy Mihály        ;utca;Kiskundorozsma;0;;0;;;;;;;
6727;Bronz               ;sor;;0;;0;;;;;;;
6721;Brüsszeli           ;körút;;-2;;0;;;;;;;
6723;Brüsszeli           ;körút;;-1;;0;;;;;;;
6753;Búcsú               ;sor;Tápé;0;;0;;;;;;;
6753;Budai Nagy Antal    ;utca;Tápé;0;;0;;;;;;;
6728;Budapesti ;út;;0;;0;;;;;;;
6723;Budapesti           ;körút;;0;;0;;;;;;;
6771;Budzsák             ;;Szõreg;0;;0;;;;;;;
6728;Bujdosó;telep;;0;;0;;;;;;;
6727;Bujdosó György      ;utca;;0;;0;;;;;;;
6726;Bulcsú              ;utca;;0;;0;;;;;;;
6791;Burgundi ;utca;Kiskundorozsma;0;;0;;;;;;;
6710;Busa;utca;;0;;0;;;;;;;
6726;Búvópatak;köz;;0;;0;;;;;;;
6791;Búza                ;utca;Kiskundorozsma;0;;0;;;;;;;
6727;Búzavirág           ;utca;;0;;0;;;;;;;
6791;Buzogány            ;utca;Kiskundorozsma;0;;0;;;;;;;
6791;Bükköny;utca;;0;;0;;;;;;;
6726;Cankó               ;utca;;0;;0;;;;;;;
6791;Cickafark;utca;Kiskundorozsma;0;;0;;;;;;;
6729;Cincér;utca;Tompasziget;0;;0;;;;;;;
6726;Cinke               ;utca;;0;;0;;;;;;;
6757;Citrom;utca;Gyálarét;0;;0;;;;;;;
6791;Citromfû;utca;Kiskundorozsma;0;;0;;;;;;;
6710;Compó;utca;;0;;0;;;;;;;
6757;Cötkény;út;;0;;0;;;;;;;
6791;Czékus              ;utca;Kiskundorozsma;0;;0;;;;;;;
6729;Czibula;utca;;0;;0;;;;;;;
6723;Csaba               ;utca;;0;;0;;;;;;;
6725;Csáktornyai         ;utca;;0;;0;;;;;;;
6724;Csáky József        ;utca;;0;;0;;;;;;;
6791;Csalán;utca;Kiskundorozsma;0;;0;;;;;;;
6728;Csallóközi          ;utca;;0;;0;;;;;;;
6726;Csalogány           ;utca;;0;;0;;;;;;;
6726;Csanádi             ;utca;;0;;0;;;;;;;
6729;Csantavéri          ;utca;;0;;0;;;;;;;
6727;Csap                ;utca;;0;;0;;;;;;;
6724;Csaplár Benedek;utca;;0;;0;;;;;;;
6753;Csatár              ;utca;Tápé;0;;0;;;;;;;
6791;Csatorna            ;utca;Kiskundorozsma;0;;0;;;;;;;
6727;Csavar              ;sor;;0;;0;;;;;;;
6724;Csefkó Gyula        ;utca;;0;;0;;;;;;;
6729;Cseh Imre           ;tér;;0;;0;;;;;;;
6728;Csejtei             ;utca;;0;;0;;;;;;;
6724;Csemegi             ;utca;;0;;0;;;;;;;
6729;Cserebogár;utca;Tompasziget;0;;0;;;;;;;
6725;Cserép;utca;;0;;0;;;;;;;
6725;Cserép;köz;;0;;0;;;;;;;
6725;Cserepes            ;sor;;0;;0;;;;;;;
6791;Cseresznye          ;utca;Kiskundorozsma;0;;0;;;;;;;
6727;Cserfa              ;utca;;0;;0;;;;;;;
6728;Cserje              ;sor;;0;;0;;;;;;;
6726;Cserõke             ;utca;;0;;0;;;;;;;
6753;Csertõ              ;utca;Tápé;0;;0;;;;;;;
6724;Cserzy Mihály       ;utca;;0;;0;;;;;;;
6729;Csíbor;utca;Tompasziget;0;;0;;;;;;;
6753;Csiki               ;utca;Tápé;0;;0;;;;;;;
6753;Csíkos-ér háti;tanya;;0;;0;;;;;;;
6723;Csillag             ;tér;;0;;0;;;;;;;
6725;Csillag             ;utca;;0;;0;;;;;;;
6726;Csinszka            ;utca;;0;;0;;;;;;;
6791;Csipi;tanya;;0;;0;;;;;;;
6791;Csipkebogyó;utca;Kiskundorozsma;0;;0;;;;;;;
6726;Csíz                ;utca;;0;;0;;;;;;;
6726;Csizmadia;köz;;0;;0;;;;;;;
6753;Csobánka            ;utca;Tápé;0;;0;;;;;;;
6725;Csókai              ;utca;;0;;0;;;;;;;
6753;Csokonai            ;utca;Tápé;0;;0;;;;;;;
6723;Csongor             ;tér;;0;;0;;;;;;;
6728;Csongor Gyõzõ;utca;Baktó;0;;0;;;;;;;
6721;Csongrádi           ;sugárút;;1;;15;;;;;;;
6721;Csongrádi           ;sugárút;;2;;16;;;;;;;
6723;Csongrádi           ;sugárút;;17;;93;;;;;;;
6724;Csongrádi           ;sugárút;;-3;;0;;;;;;;
6725;Csonka              ;utca;;0;;0;;;;;;;
6723;Csorba              ;utca;;0;;0;;;;;;;
6724;Csõ                 ;utca;;0;;0;;;;;;;
6725;Csöndes             ;utca;;0;;0;;;;;;;
6723;Csörlõ              ;utca;;0;;0;;;;;;;
6791;Csucsor;köz;Kiskundorozsma;0;;0;;;;;;;
6723;Csuka               ;utca;;0;;0;;;;;;;
6710;Csuma               ;köz;Szentmihály;0;;0;;;;;;;
6791;Csüdfû;utca;;0;;0;;;;;;;
6791;Dália;utca;Kiskundorozsma;0;;0;;;;;;;
6727;Dalos               ;utca;;0;;0;;;;;;;
6724;Damjanich           ;utca;;0;;0;;;;;;;
6723;Dandár              ;utca;;0;;0;;;;;;;
6722;Dáni ;utca;;0;;0;;;;;;;
6723;Dankó Pista         ;utca;;0;;0;;;;;;;
6729;Darázs;utca;Tompasziget;0;;0;;;;;;;
6727;Dárda               ;utca;;0;;0;;;;;;;
6725;Daru                ;utca;;0;;0;;;;;;;
6791;Daruhalom;dûlõ;Kiskundorozsma;0;;0;;;;;;;
6757;Datolya;utca;Gyálarét;0;;0;;;;;;;
6720;Deák Ferenc         ;utca;;0;;0;;;;;;;
6723;Debreceni           ;utca;;0;;0;;;;;;;
6727;Délceg              ;utca;;0;;0;;;;;;;
6757;Deli Károly         ;utca;Gyálarét;0;;0;;;;;;;
6791;Délibáb             ;utca;Kiskundorozsma;0;;0;;;;;;;
6726;Demeter Ferenc;utca;;0;;0;;;;;;;
6728;Dér István;utca;;0;;0;;;;;;;
6791;Derce               ;utca;Kiskundorozsma;0;;0;;;;;;;
6727;Deres;utca;;0;;0;;;;;;;
6726;Derkovits ;fasor;;0;;0;;;;;;;
6726;Déryné              ;utca;;0;;0;;;;;;;
6729;Dettre János        ;utca;;0;;0;;;;;;;
6753;Déva                ;utca;Tápé;0;;0;;;;;;;
6727;Diadal              ;utca;;0;;0;;;;;;;
6791;Dianovszky;tér;Kiskundorozsma;0;;0;;;;;;;
6791;Dinnyés             ;utca;Kiskundorozsma;0;;0;;;;;;;
6726;Diófa               ;utca;;0;;0;;;;;;;
6710;Dióliget;köz;;0;;0;;;;;;;
6791;Díszlet;utca;;0;;0;;;;;;;
6753;Dobó István         ;utca;Tápé;0;;0;;;;;;;
6725;Dobó                ;utca;;0;;0;;;;;;;
6727;Dobogó              ;utca;;0;;0;;;;;;;
6791;Dobos               ;utca;Kiskundorozsma;0;;0;;;;;;;
6753;Dobozi              ;utca;Tápé;0;;0;;;;;;;
6727;Dolgos              ;utca;;0;;0;;;;;;;
6720;Dóm                 ;tér;;0;;0;;;;;;;
6791;Domaszéki           ;út;Kiskundorozsma;0;;0;;;;;;;
6728;Domonkos;tanya;;0;;0;;;;;;;
6729;Dongó;utca;Tompasziget;0;;0;;;;;;;
6753;Dorogi Imre         ;utca;Tápé;0;;0;;;;;;;
6726;Dorottya            ;utca;;0;;0;;;;;;;
6791;Dorozsmai;köz;;0;;0;;;;;;;
6728;Dorozsmai;út;;1;;41;;;;;;;
6728;Dorozsmai;út;;2;;56;;;;;;;
6791;Dorozsmai           ;út;Kiskundorozsma;-3;;0;;;;;;;
6791;Dorozsmai MÁV;õrház;;0;;0;;;;;;;
6728;Dósa;tanya;;0;;0;;;;;;;
6728;Dózsa               ;tanya;;0;;0;;;;;;;
6720;Dózsa               ;utca;;0;;0;;;;;;;
6753;Dráva               ;utca;Tápé;0;;0;;;;;;;
6727;Duda                ;utca;;0;;0;;;;;;;
6791;Dudás               ;utca;Kiskundorozsma;0;;0;;;;;;;
6720;Dugonics            ;tér;;-3;;0;;;;;;;
6721;Dugonics            ;utca;;0;;0;;;;;;;
6722;Dugonics            ;tér;;7;;9;;;;;;;
6727;Duna                ;utca;;0;;0;;;;;;;
6710;Dûlõ                ;utca;Szentmihály;0;;0;;;;;;;
6791;Ecetfa;utca;Kiskundorozsma;0;;0;;;;;;;
6729;Ecsedi Géza         ;utca;;0;;0;;;;;;;
6791;Ecsetpázsit;köz;;0;;0;;;;;;;
6757;Egres;utca;Gyálarét;0;;0;;;;;;;
6726;Egressy Béni        ;utca;;0;;0;;;;;;;
6710;Egyenlõség          ;utca;Szentmihály;0;;0;;;;;;;
6722;Egyetem             ;utca;;0;;0;;;;;;;
6710;Eke                 ;köz;Szentmihály;0;;0;;;;;;;
6757;Elõd                ;utca;Gyálarét;0;;0;;;;;;;
6726;Emese               ;utca;;0;;0;;;;;;;
6771;Ezüstfa;utca;Szõreg;0;;0;;;;;;;
6720;Eötvös              ;utca;;0;;0;;;;;;;
6728;Eper                ;utca;;0;;0;;;;;;;
6723;Eperjesi            ;sor;;0;;0;;;;;;;
6723;Építõ               ;utca;;0;;0;;;;;;;
6727;Érc                 ;utca;;0;;0;;;;;;;
6710;Erdei Ferenc        ;utca;Szentmihály;0;;0;;;;;;;
6726;Erdélyi             ;tér;;0;;0;;;;;;;
6724;Erdész;park;;0;;0;;;;;;;
6728;Erdész;út;;0;;0;;;;;;;
6728;Erdészház;utca;;0;;0;;;;;;;
6723;Erdõ                ;utca;;0;;0;;;;;;;
6728;Erdõkerülõ;utca;Baktó;0;;0;;;;;;;
6791;Erdõstarcsa         ;utca;Kiskundorozsma;0;;0;;;;;;;
6728;Erdõszéli;út;Baktó;0;;0;;;;;;;
6791;Erkel               ;utca;Kiskundorozsma;0;;0;;;;;;;
6723;Erõs János          ;utca;;0;;0;;;;;;;
6791;Erzsébet            ;utca;Kiskundorozsma;0;;0;;;;;;;
6710;Estike              ;utca;Szentmihály;0;;0;;;;;;;
6791;Északi              ;sor;Kiskundorozsma;0;;0;;;;;;;
6753;Esze Tamás          ;utca;Tápé;0;;0;;;;;;;
6724;Eszperantó;utca;;0;;0;;;;;;;
6726;Eszter              ;utca;;0;;0;;;;;;;
6723;Etelka              ;sor;;0;;0;;;;;;;
6753;Éva                 ;utca;Tápé;0;;0;;;;;;;
6726;Evezõ;köz;;0;;0;;;;;;;
6727;Ezüst               ;utca;;0;;0;;;;;;;
6771;Ezüsttó;utca;Szõreg;0;;0;;;;;;;
6771;Fácán               ;utca;Szõreg;0;;0;;;;;;;
6727;Fadrusz             ;utca;;0;;0;;;;;;;
6753;Fagyöngy;utca;Tápé;0;;0;;;;;;;
6791;Fahéj;utca;Kiskundorozsma;0;;0;;;;;;;
6726;Fakopáncs           ;utca;;0;;0;;;;;;;
6791;Faragó;dûlõ;Kiskundorozsma;0;;0;;;;;;;
6728;Faragó;tanya;;0;;0;;;;;;;
6725;Faragó              ;utca;;0;;0;;;;;;;
6725;Farkas              ;utca;;0;;0;;;;;;;
6753;Farkas              ;tanya;Tápé;0;;0;;;;;;;
6728;Farkas 1;tanya;;0;;0;;;;;;;
6729;Fátyolka;utca;Tompasziget;0;;0;;;;;;;
6791;Fátyolvirág;köz;;0;;0;;;;;;;
6723;Fecske              ;utca;;0;;0;;;;;;;
6791;Fecskefû;köz;;0;;0;;;;;;;
6726;Fegyverkovács;utca;;0;;0;;;;;;;
6771;Fehér akác;utca;;0;;0;;;;;;;
6728;Fehérfarkas;tanya;;0;;0;;;;;;;
6710;Fehérpart           ;utca;Szentmihály;0;;0;;;;;;;
6727;Fehértó             ;utca;;0;;0;;;;;;;
6728;Fehértói halas;tanya;;0;;0;;;;;;;
6728;Fehértói halas 1;tanya;;0;;0;;;;;;;
6720;Feketesas           ;utca;;0;;0;;;;;;;
6791;Fél                 ;utca;Kiskundorozsma;0;;0;;;;;;;
6729;Felebarát;köz;;0;;0;;;;;;;
6725;Felhõ               ;utca;;0;;0;;;;;;;
6726;Felsõ kikötõ        ;sor;;0;;0;;;;;;;
6721;Felsõ Tisza-part         ;;;1;;24;;;;;;;
6723;Felsõ Tisza-part         ;;;-3;;0;;;;;;;
6728;Felsõnyomás;út;;0;;0;;;;;;;
6728;Felsõvárosi feketeföldek;;;0;;0;;;;;;;
6728;Feltáró;út;;0;;0;;;;;;;
6728;Felvidéki;sor;;0;;0;;;;;;;
6753;Fenyves             ;utca;Tápé;0;;0;;;;;;;
6727;Fenyves-lejtõ       ;sor;;0;;0;;;;;;;
6753;Ferenczi;tanya;;0;;0;;;;;;;
6721;Festõ               ;utca;;0;;0;;;;;;;
6726;Fésû                ;utca;;0;;0;;;;;;;
6726;Fiala Antal;utca;;0;;0;;;;;;;
6753;Fiume               ;utca;Tápé;0;;0;;;;;;;
6726;Flóra               ;utca;;0;;0;;;;;;;
6728;Fodor;tanya;;0;;0;;;;;;;
6726;Fogarasi            ;utca;;0;;0;;;;;;;
6710;Fogas;utca;;0;;0;;;;;;;
6771;Fónai;tanya;Szõreg;0;;0;;;;;;;
6728;Fonógyári;út;;0;;0;;;;;;;
6728;Fontos Sándor;utca;;0;;0;;;;;;;
6728;Fontos Sándor;köz;;0;;0;;;;;;;
6728;Forradalom          ;utca;;0;;0;;;;;;;
6791;Forrai              ;utca;Kiskundorozsma;0;;0;;;;;;;
6753;Forrai              ;tanya;;0;;0;;;;;;;
6726;Fõ;fasor;;0;;0;;;;;;;
6727;Fõ                  ;tér;;0;;0;;;;;;;
6771;Föld                ;utca;Szõreg;0;;0;;;;;;;
6725;Földmíves           ;utca;;0;;0;;;;;;;
6722;Földváry            ;utca;;0;;0;;;;;;;
6791;Fölszél            ;utca;Kiskundorozsma;0;;0;;;;;;;
6724;Föltámadás          ;utca;;0;;0;;;;;;;
6725;Fõvám               ;köz;;0;;0;;;;;;;
6725;Fraknói             ;utca;;0;;0;;;;;;;
6724;Francia             ;utca;;0;;0;;;;;;;
6728;Fritz;tanya;;0;;0;;;;;;;
6729;Futrinka;utca;Tompasziget;0;;0;;;;;;;
6727;Füge                ;sor;;0;;0;;;;;;;
6726;Fülemüle            ;utca;;0;;0;;;;;;;
6791;Fürdõ               ;utca;;0;;0;;;;;;;
6721;Füredi              ;utca;;0;;0;;;;;;;
6724;Fûrész              ;utca;;0;;0;;;;;;;
6726;Fürj                ;utca;;0;;0;;;;;;;
6729;Fürkész;utca;Tompasziget;0;;0;;;;;;;
6791;Fürt                ;utca;Kiskundorozsma;0;;0;;;;;;;
6729;Fûtõház;köz;;0;;0;;;;;;;
6724;Fûtõmû              ;utca;;0;;0;;;;;;;
6726;Füvészkerti          ;utca;;0;;0;;;;;;;
6791;Füzény;köz;;0;;0;;;;;;;
6710;Füzér               ;utca;Szentmihály;0;;0;;;;;;;
6791;Füzértekercs;utca;;0;;0;;;;;;;
6725;Füzes               ;utca;;0;;0;;;;;;;
6791;Füzike;köz;;0;;0;;;;;;;
6727;Gábor Áron          ;utca;;0;;0;;;;;;;
6710;Gádor               ;köz;Szentmihály;0;;0;;;;;;;
6721;Gál                 ;utca;;1;;9;;;;;;;
6721;Gál                 ;utca;;2;;12;;;;;;;
6723;Gál                 ;utca;;-3;;0;;;;;;;
6791;Galagonya           ;utca;Kiskundorozsma;0;;0;;;;;;;
6725;Galamb              ;utca;;0;;0;;;;;;;
6728;Galgóci             ;utca;;0;;0;;;;;;;
6728;Gallé László;utca;Baktó;0;;0;;;;;;;
6724;Garam               ;utca;;0;;0;;;;;;;
6710;Gárdonyi Géza       ;utca;Szentmihály;0;;0;;;;;;;
6723;Gáspár Zoltán       ;utca;;0;;0;;;;;;;
6753;Gaszmann;tanya;;0;;0;;;;;;;
6723;Gát                 ;utca;;0;;0;;;;;;;
6726;Gátõrház;sor;;0;;0;;;;;;;
6723;Gáz                 ;utca;;0;;0;;;;;;;
6726;Gébics              ;utca;;0;;0;;;;;;;
6724;Gelei József;utca;;0;;0;;;;;;;
6723;Gém                 ;utca;;0;;0;;;;;;;
6791;Gémorr;köz;;0;;0;;;;;;;
6725;Gép                 ;utca;;0;;0;;;;;;;
6729;Gera Sándor         ;utca;;0;;0;;;;;;;
6724;Gergely;köz;;0;;0;;;;;;;
6728;Gergulics-Szalai;tanya;;0;;0;;;;;;;
6727;Gerle               ;utca;;0;;0;;;;;;;
6791;Gesztenye           ;utca;Kiskundorozsma;0;;0;;;;;;;
6726;Gizella             ;utca;;0;;0;;;;;;;
6721;Glattfelder Gyula;tér;;0;;0;;;;;;;
6722;Gogol               ;utca;;0;;0;;;;;;;
6725;Gólya               ;utca;;0;;0;;;;;;;
6791;Gólyahír;utca;Kiskundorozsma;0;;0;;;;;;;
6728;Gomba               ;utca;;0;;0;;;;;;;
6726;Gombkötõ;utca;;0;;0;;;;;;;
6724;Gömöri              ;utca;;0;;0;;;;;;;
6727;Göndör              ;sor;;0;;0;;;;;;;
6725;Gõsi Gábor;sétány;;0;;0;;;;;;;
6725;Gõz                 ;utca;;0;;0;;;;;;;
6771;Gõzmalom            ;utca;Szõreg;0;;0;;;;;;;
6710;Gránit;sor;;0;;0;;;;;;;
6726;Gulácsi;park;;0;;0;;;;;;;
6722;Gutenberg          ;utca;;0;;0;;;;;;;
6728;Guth;tanya;;0;;0;;;;;;;
6757;Gyála széle;utca;;0;;0;;;;;;;
6729;Gyálai;út;;0;;0;;;;;;;
6757;Gyálaréti           ;út;Gyálarét;0;;0;;;;;;;
6757;Gyálaréti           ;tanyák;;0;;0;;;;;;;
6791;Gyalu               ;utca;Kiskundorozsma;0;;0;;;;;;;
6771;Gyár                ;utca;Szõreg;0;;0;;;;;;;
6757;Gyékényesi          ;út;Gyálarét;0;;0;;;;;;;
6727;Gyémánt             ;utca;;0;;0;;;;;;;
6728;Gyémánt             ;tanya;;0;;0;;;;;;;
6726;Gyergyói            ;utca;;0;;0;;;;;;;
6722;Gyertyámos          ;utca;;0;;0;;;;;;;
6726;Gyertyaöntõ;utca;;0;;0;;;;;;;
6723;Gyevi               ;utca;;0;;0;;;;;;;
6723;Gyík                ;utca;;0;;0;;;;;;;
6726;Gyimesi             ;utca;;0;;0;;;;;;;
6791;Gyömbér;utca;Kiskundorozsma;0;;0;;;;;;;
6791;Gyöngyköles;utca;;0;;0;;;;;;;
6791;Gyöngyöspata        ;utca;Kiskundorozsma;0;;0;;;;;;;
6724;Gyöngytyúk          ;utca;;0;;0;;;;;;;
6723;Gyöngyvirág         ;utca;;0;;0;;;;;;;
6753;Gyöp                ;sor;Tápé;0;;0;;;;;;;
6728;Gyõrfi;tanya;;0;;0;;;;;;;
6771;Gyõzelem            ;tér;Szõreg;0;;0;;;;;;;
6728;Gyula               ;utca;;0;;0;;;;;;;
6791;Gyuris              ;utca;Kiskundorozsma;0;;0;;;;;;;
6728;Gyümölcs            ;utca;;0;;0;;;;;;;
6753;Gyûszûvirág;utca;;0;;0;;;;;;;
6791;Hajdú               ;utca;Kiskundorozsma;0;;0;;;;;;;
6723;Hajlat              ;utca;;0;;0;;;;;;;
6725;Hajnal              ;utca;;0;;0;;;;;;;
6753;Hajnalka;utca;Tápé;0;;0;;;;;;;
6722;Hajnóczy            ;utca;;0;;0;;;;;;;
6723;Hajós               ;utca;;0;;0;;;;;;;
6728;Halácsy Sándor;út;;0;;0;;;;;;;
6726;Haladás             ;utca;;0;;0;;;;;;;
6753;Halas               ;utca;Tápé;0;;0;;;;;;;
6721;Háló                ;utca;;0;;0;;;;;;;
6791;Hám                 ;utca;Kiskundorozsma;0;;0;;;;;;;
6710;Hambár;út;;0;;0;;;;;;;
6727;Hangos              ;utca;;0;;0;;;;;;;
6729;Hangya;utca;Tompasziget;0;;0;;;;;;;
6729;Harangláb           ;utca;;0;;0;;;;;;;
6753;Harangvirág;utca;Tápé;0;;0;;;;;;;
6710;Harcos              ;utca;Szentmihály;0;;0;;;;;;;
6710;Harcos              ;sor;;0;;0;;;;;;;
6710;Harcsa;utca;;0;;0;;;;;;;
6726;Hargitai            ;utca;;0;;0;;;;;;;
6725;Harmat              ;utca;;0;;0;;;;;;;
6726;Hársfa;sétány;;0;;0;;;;;;;
6726;Hársfa              ;utca;;0;;0;;;;;;;
6710;Hasító              ;utca;Szentmihály;0;;0;;;;;;;
6725;Határõr             ;utca;;0;;0;;;;;;;
6726;Hátszegi            ;utca;;0;;0;;;;;;;
6725;Hattyas             ;utca;;0;;0;;;;;;;
6729;Hattyasi szivattyú;telep;;0;;0;;;;;;;
6723;Hattyú              ;utca;;0;;0;;;;;;;
6728;Házgyári;út;;0;;0;;;;;;;
6791;Hegedû              ;utca;Kiskundorozsma;0;;0;;;;;;;
6728;Hegyközség          ;utca;;0;;0;;;;;;;
6726;Héja                ;utca;;0;;0;;;;;;;
6753;Heller              ;köz;Tápé;0;;0;;;;;;;
6727;Herczeg István;utca;;0;;0;;;;;;;
6726;Herke               ;utca;;0;;0;;;;;;;
6725;Hernyós             ;utca;;0;;0;;;;;;;
6726;Hetényi Géza;utca;;0;;0;;;;;;;
6724;Hétvezér            ;utca;;0;;0;;;;;;;
6720;Híd                 ;utca;;0;;0;;;;;;;
6728;Hídverõ             ;utca;;0;;0;;;;;;;
6725;Hiúz;utca;;0;;0;;;;;;;
6728;Hízó;tanya;;0;;0;;;;;;;
6723;Hóbiárt basa        ;utca;;0;;0;;;;;;;
6725;Hold                ;utca;;0;;0;;;;;;;
6728;Holdvirág;tanya;;0;;0;;;;;;;
6723;Holló               ;utca;;0;;0;;;;;;;
6726;Holt-Maros;sétány;;0;;0;;;;;;;
6710;Holt-Tisza          ;sor;Szentmihály;0;;0;;;;;;;
6725;Homok               ;utca;;0;;0;;;;;;;
6723;Homonnai            ;utca;;0;;0;;;;;;;
6726;Homoródi            ;utca;;0;;0;;;;;;;
6753;Honfoglalás         ;utca;Tápé;0;;0;;;;;;;
6723;Hont Ferenc         ;utca;;0;;0;;;;;;;
6722;Honvéd              ;tér;;0;;0;;;;;;;
6725;Hópárduc;utca;;0;;0;;;;;;;
6753;Horgony             ;utca;Tápé;0;;0;;;;;;;
6725;Horgosi ;köz;;0;;0;;;;;;;
6725;Horgosi             ;utca;;0;;0;;;;;;;
6720;Horváth Mihály      ;utca;;0;;0;;;;;;;
6728;Hosszú              ;utca;;0;;0;;;;;;;
6728;Hosszú-töltés;út;;0;;0;;;;;;;
6771;Hõsök               ;tere;Szõreg;0;;0;;;;;;;
6791;Huba                ;utca;Kiskundorozsma;0;;0;;;;;;;
6791;Huba;köz;Kiskundorozsma;0;;0;;;;;;;
6721;Hullám              ;utca;;0;;0;;;;;;;
6724;Hunyadi             ;tér;;0;;0;;;;;;;
6724;Huszár              ;utca;;0;;0;;;;;;;
6720;Huszár Mátyás;rakpart;;0;;0;;;;;;;
6791;Huszka Jenõ         ;utca;Kiskundorozsma;0;;0;;;;;;;
6723;Hüvelyk             ;utca;;0;;0;;;;;;;
6710;Hûvös               ;köz;Szentmihály;0;;0;;;;;;;
6727;Ibolya              ;utca;;0;;0;;;;;;;
6723;Iglói               ;utca;;0;;0;;;;;;;
6728;Ikarusz;köz;;0;;0;;;;;;;
6753;Iker                ;utca;Tápé;0;;0;;;;;;;
6771;Ikon                ;sor;Szõreg;0;;0;;;;;;;
6726;Ildikó              ;utca;;0;;0;;;;;;;
6724;Ilona               ;utca;;0;;0;;;;;;;
6791;Ilosvai             ;utca;Kiskundorozsma;0;;0;;;;;;;
6721;Imre                ;utca;;0;;0;;;;;;;
6725;Indóház             ;tér;;0;;0;;;;;;;
6791;Ínfû;utca;;0;;0;;;;;;;
6791;Ingovány            ;utca;Kiskundorozsma;0;;0;;;;;;;
6791;Ipar;dûlõ;Kiskundorozsma;0;;0;;;;;;;
6724;Ipoly               ;sor;;0;;0;;;;;;;
6791;Iringó;utca;;0;;0;;;;;;;
6727;Irinyi János        ;utca;;0;;0;;;;;;;
6771;Iskola              ;utca;Szõreg;0;;0;;;;;;;
6791;István              ;utca;Kiskundorozsma;0;;0;;;;;;;
6753;Iszalag;út;Tápé;0;;0;;;;;;;
6726;Ivánovics György;utca;;0;;0;;;;;;;
6726;Izabella            ;utca;;0;;0;;;;;;;
6791;Izsóp;utca;Kiskundorozsma;0;;0;;;;;;;
6771;Jácint              ;utca;Szõreg;0;;0;;;;;;;
6724;Jakab Lajos         ;utca;;0;;0;;;;;;;
6726;Jancsó Miklós;utca;;0;;0;;;;;;;
6720;Janikovszky Éva;tér;;0;;0;;;;;;;
6726;Jankovich           ;utca;;0;;0;;;;;;;
6753;János-ér            ;út;Tápé;0;;0;;;;;;;
6791;Jász                ;utca;Kiskundorozsma;0;;0;;;;;;;
6753;Jávorka             ;utca;Tápé;0;;0;;;;;;;
6771;Jázmin              ;utca;Szõreg;0;;0;;;;;;;
6791;Jerney              ;utca;Kiskundorozsma;0;;0;;;;;;;
6726;Jobb;fasor;;0;;0;;;;;;;
6720;Jókai               ;utca;;0;;0;;;;;;;
6791;Jolánka             ;utca;Kiskundorozsma;0;;0;;;;;;;
6722;Jósika              ;utca;;0;;0;;;;;;;
6721;József Attila       ;sugárút;;1;;37;;;;;;;
6721;József Attila       ;sugárút;;2;;38;;;;;;;
6723;József Attila       ;sugárút;;-3;;0;;;;;;;
6726;Judit               ;utca;;0;;0;;;;;;;
6723;Juharfás            ;utca;;0;;0;;;;;;;
6721;Juhász Gyula        ;utca;;0;;0;;;;;;;
6771;Juhásztelep;dûlõ;;0;;0;;;;;;;
6726;Júlia               ;utca;;0;;0;;;;;;;
6729;Kabóca;utca;Tompasziget;0;;0;;;;;;;
6725;Kácsa               ;utca;;0;;0;;;;;;;
6791;Kadarka             ;utca;Kiskundorozsma;0;;0;;;;;;;
6791;Káka                ;utca;Kiskundorozsma;0;;0;;;;;;;
6791;Kakascímer;köz;;0;;0;;;;;;;
6726;Kakukk              ;utca;;0;;0;;;;;;;
6791;Kakukkfû;utca;Kiskundorozsma;0;;0;;;;;;;
6728;Kalapács;tanya;;0;;0;;;;;;;
6727;Kalász              ;utca;;0;;0;;;;;;;
6728;Káli;tanya;;0;;0;;;;;;;
6726;Kállay;liget;;0;;0;;;;;;;
6726;Kállay Albert       ;utca;;0;;0;;;;;;;
6791;Kálmán              ;köz;Kiskundorozsma;0;;0;;;;;;;
6726;Kálmán;utca;;0;;0;;;;;;;
6753;Kálmánczi;tanya;;0;;0;;;;;;;
6721;Kálmány Lajos       ;utca;;0;;0;;;;;;;
6722;Kálvária            ;sugárút;;1;;27;;;;;;;
6722;Kálvária            ;sugárút;;2;;30;;;;;;;
6724;Kálvária            ;sugárút;;29;;0;;;;;;;
6724;Kálvária            ;tér;;1;;17;;;;;;;
6725;Kálvária            ;sugárút;;32;;0;;;;;;;
6725;Kálvária            ;tér;;-3;;0;;;;;;;
6721;Kálvin              ;tér;;0;;0;;;;;;;
6729;Kamarási            ;utca;;0;;0;;;;;;;
6791;Kamilla             ;utca;Kiskundorozsma;0;;0;;;;;;;
6729;Kandó Kálmán        ;utca;;0;;0;;;;;;;
6725;Kanizsai            ;utca;;0;;0;;;;;;;
6753;Kankalin;utca;Tápé;0;;0;;;;;;;
6725;Kántor              ;utca;;0;;0;;;;;;;
6727;Kapás               ;utca;;0;;0;;;;;;;
6710;Kapisztrán          ;út;Szentmihály;0;;0;;;;;;;
6727;Kapitány            ;utca;;0;;0;;;;;;;
6724;Kápolna             ;utca;;0;;0;;;;;;;
6791;Kapor;utca;Kiskundorozsma;0;;0;;;;;;;
6753;Kapu                ;köz;Tápé;0;;0;;;;;;;
6726;Karánsebesi         ;utca;;0;;0;;;;;;;
6720;Kárász              ;utca;;0;;0;;;;;;;
6729;Karikás;utca;;0;;0;;;;;;;
6728;Karotin;köz;;0;;0;;;;;;;
6720;Károlyi             ;utca;;0;;0;;;;;;;
6791;Kassai              ;utca;Kiskundorozsma;0;;0;;;;;;;
6728;Kassák              ;utca;;0;;0;;;;;;;
6725;Kaszás              ;utca;;0;;0;;;;;;;
6726;Katalin             ;utca;;0;;0;;;;;;;
6753;Katáng;utca;Tápé;0;;0;;;;;;;
6724;Kátay               ;utca;;0;;0;;;;;;;
6729;Katica;utca;Tompasziget;0;;0;;;;;;;
6725;Katona József       ;utca;;0;;0;;;;;;;
6753;Kaufmann;tanya;;0;;0;;;;;;;
6771;Kavics              ;utca;Szõreg;0;;0;;;;;;;
6720;Kazinczy            ;utca;;0;;0;;;;;;;
6729;Kece                ;utca;;0;;0;;;;;;;
6710;Kecsege;utca;;0;;0;;;;;;;
6723;Kecskeméti          ;utca;;0;;0;;;;;;;
6791;Kék                 ;utca;Kiskundorozsma;0;;0;;;;;;;
6726;Kékfestõ;utca;;0;;0;;;;;;;
6791;Kékfrankos;utca;Kiskundorozsma;0;;0;;;;;;;
6791;Kékperje;utca;;0;;0;;;;;;;
6720;Kelemen László             ;utca;;0;;0;;;;;;;
6723;Kemes               ;utca;;0;;0;;;;;;;
6726;Kendergyári         ;utca;;0;;0;;;;;;;
6725;Kenguru;köz;;0;;0;;;;;;;
6724;Kenyérgyári         ;út;;0;;0;;;;;;;
6791;Kenyérvári;sor;;0;;0;;;;;;;
6729;Kénytelen           ;sor;;0;;0;;;;;;;
6728;Keramit;köz;;0;;0;;;;;;;
6791;Kerékgyártó         ;utca;Kiskundorozsma;0;;0;;;;;;;
6728;Kereskedõ;köz;;0;;0;;;;;;;
6729;Kérész;utca;Tompasziget;0;;0;;;;;;;
6753;Kereszt             ;utca;Tápé;0;;0;;;;;;;
6723;Kereszttöltés       ;utca;;0;;0;;;;;;;
6726;Kertész             ;utca;;0;;0;;;;;;;
6723;Késmárki            ;utca;;0;;0;;;;;;;
6710;Keszeg;utca;;0;;0;;;;;;;
6728;Kétérköz            ;utca;;0;;0;;;;;;;
6791;Kettõshatári        ;út;Kiskundorozsma;0;;0;;;;;;;
6726;Kézdi               ;utca;;0;;0;;;;;;;
6720;Kígyó               ;utca;;0;;0;;;;;;;
6791;Kígyószisz;utca;;0;;0;;;;;;;
6726;Kikindai            ;utca;;0;;0;;;;;;;
6791;Kikirics            ;utca;Kiskundorozsma;0;;0;;;;;;;
6753;Kikötõ              ;sor;Tápé;0;;0;;;;;;;
6725;Kinizsi Pál         ;utca;;0;;0;;;;;;;
6728;Kis;köz;;0;;0;;;;;;;
6728;Kis-Baktói;út;;0;;0;;;;;;;
6771;Kisbogáros          ;utca;Szõreg;0;;0;;;;;;;
6729;Kiserdõ            ;sor;;0;;0;;;;;;;
6725;Kisfaludy           ;utca;;0;;0;;;;;;;
6728;Kiskert             ;utca;;0;;0;;;;;;;
6724;Kismartoni          ;utca;;0;;0;;;;;;;
6753;Kisporgány;dûlõ;Tápé;0;;0;;;;;;;
6720;Kiss Ernõ           ;utca;;0;;0;;;;;;;
6728;Kiss Ferenc;utca;Baktó;0;;0;;;;;;;
6720;Kiss Menyhért       ;utca;;0;;0;;;;;;;
6724;Kisteleki Ede       ;utca;;0;;0;;;;;;;
6723;Kis-Tisza           ;utca;;0;;0;;;;;;;
6729;Kisvasút            ;sor;;0;;0;;;;;;;
6771;Kisszõlõ            ;utca;Szõreg;0;;0;;;;;;;
6757;Kivi;utca;Gyálarét;0;;0;;;;;;;
6724;Klapka              ;tér;;0;;0;;;;;;;
6726;Klára               ;utca;;0;;0;;;;;;;
6720;Klauzál             ;tér;;0;;0;;;;;;;
6726;Kockaház            ;utca;;0;;0;;;;;;;
6727;Kócsag;utca;;0;;0;;;;;;;
6791;Kocsord;út;Kiskundorozsma;0;;0;;;;;;;
6724;Kodály              ;tér;;0;;0;;;;;;;
6728;Kokárda             ;utca;;0;;0;;;;;;;
6757;Kókusz;utca;Gyálarét;0;;0;;;;;;;
6728;Kollégiumi;út;;0;;0;;;;;;;
6729;Koloszár ;udvar;;0;;0;;;;;;;
6725;Kolozsvári          ;tér;;0;;0;;;;;;;
6725;Kombinát            ;köz;;0;;0;;;;;;;
6728;Komposztáló;út;;0;;0;;;;;;;
6791;Kond                ;utca;Kiskundorozsma;0;;0;;;;;;;
6710;Koppány             ;köz;Szentmihály;0;;0;;;;;;;
6720;Korányi             ;fasor;;1;;17;;;;;;;
6725;Korányi             ;fasor;;18;;19;;;;;;;
6725;Korda               ;utca;;0;;0;;;;;;;
6725;Kormányos           ;utca;;0;;0;;;;;;;
6726;Korondi             ;utca;;0;;0;;;;;;;
6791;Kosbor;köz;;0;;0;;;;;;;
6722;Kossuth Lajos       ;sugárút;;1;;31;;;;;;;
6722;Kossuth Lajos       ;sugárút;;2;;28;;;;;;;
6724;Kossuth Lajos       ;sugárút;;-3;;0;;;;;;;
6757;Koszorú             ;utca;Gyálarét;0;;0;;;;;;;
6728;Kotányi János;köz;;0;;0;;;;;;;
6729;Kovács;udvar;;0;;0;;;;;;;
6728;Kovács;tanya;;0;;0;;;;;;;
6791;Kõbárány            ;utca;Kiskundorozsma;0;;0;;;;;;;
6791;Kökény              ;utca;Kiskundorozsma;0;;0;;;;;;;
6710;Kökörcsin           ;utca;Szentmihály;0;;0;;;;;;;
6753;Kölcsey             ;tér;Tápé;0;;0;;;;;;;
6720;Kölcsey             ;utca;;0;;0;;;;;;;
6753;Költõ               ;utca;Tápé;0;;0;;;;;;;
6791;Kömény;utca;Kiskundorozsma;0;;0;;;;;;;
6710;Könyves Kálmán      ;köz;Szentmihály;0;;0;;;;;;;
6791;Körömvirág;utca;Kiskundorozsma;0;;0;;;;;;;
6753;Kõrös               ;sor;Tápé;0;;0;;;;;;;
6726;Kõrösmezõ;utca;;0;;0;;;;;;;
6791;Körte               ;utca;Kiskundorozsma;0;;0;;;;;;;
6724;Körtöltés           ;utca;;0;;0;;;;;;;
6791;Kövidinka           ;utca;Kiskundorozsma;0;;0;;;;;;;
6726;Közép ;fasor;;0;;0;;;;;;;
6726;Közép Kikötõ        ;sor;;0;;0;;;;;;;
6725;Közép-kapu          ;utca;;0;;0;;;;;;;
6771;Kristály            ;utca;Szõreg;0;;0;;;;;;;
6726;Krúdy Gyula         ;utca;;0;;0;;;;;;;
6791;Kubikos             ;utca;Kiskundorozsma;0;;0;;;;;;;
6724;Kukorica            ;utca;;0;;0;;;;;;;
6724;Kukovetz Nana       ;utca;;0;;0;;;;;;;
6726;Kulka Frigyes;utca;;0;;0;;;;;;;
6791;Kun                 ;utca;Kiskundorozsma;0;;0;;;;;;;
6729;Kundombi            ;utca;;0;;0;;;;;;;
6753;Kuruc               ;utca;Tápé;0;;0;;;;;;;
6728;Kuruc-völgyi;út;Baktó;0;;0;;;;;;;
6791;Kút                 ;utca;Kiskundorozsma;0;;0;;;;;;;
6728;Kutató;köz;;0;;0;;;;;;;
6757;Kuttyogtató;út;;0;;0;;;;;;;
6726;Küküllõi            ;utca;;0;;0;;;;;;;
6771;Külsõ ugar;dûlõ;;0;;0;;;;;;;
6728;Külterület;;;0;;0;;;;;;;
6710;Külüs               ;köz;Szentmihály;0;;0;;;;;;;
6727;Kürt                ;utca;;0;;0;;;;;;;
6726;Kürü                ;sor;;0;;0;;;;;;;
6728;Ladvánszky          ;utca;;0;;0;;;;;;;
6724;Lajta               ;utca;;0;;0;;;;;;;
6726;Lakatos;utca;;0;;0;;;;;;;
6725;Laktanya;utca;;0;;0;;;;;;;
6725;Láma;utca;;0;;0;;;;;;;
6726;Láng Imre;utca;;0;;0;;;;;;;
6727;Lant                ;utca;;0;;0;;;;;;;
6728;Lányi Béla;utca;Baktó;0;;0;;;;;;;
6791;Láp                 ;utca;Kiskundorozsma;0;;0;;;;;;;
6726;Laura               ;utca;;0;;0;;;;;;;
6724;Leányszállás        ;köz;;0;;0;;;;;;;
6753;Lebõ;dûlõ;;0;;0;;;;;;;
6753;Lebõ;tanya;;0;;0;;;;;;;
6721;Lechner             ;tér;;0;;0;;;;;;;
6726;Léda                ;utca;;0;;0;;;;;;;
6771;Légió               ;utca;Szõreg;0;;0;;;;;;;
6791;Legyezõfû;köz;;0;;0;;;;;;;
6724;Lehel               ;utca;;0;;0;;;;;;;
6725;Lékai               ;utca;;0;;0;;;;;;;
6728;Lencsés;utca;;0;;0;;;;;;;
6725;Lendvai             ;utca;;0;;0;;;;;;;
6729;Lengyel;udvar;;0;;0;;;;;;;
6721;Lengyel             ;utca;;0;;0;;;;;;;
6791;Lenkey              ;utca;Kiskundorozsma;0;;0;;;;;;;
6753;Lepke               ;utca;Tápé;0;;0;;;;;;;
6728;Levél               ;utca;;0;;0;;;;;;;
6771;Levendula           ;utca;Szõreg;0;;0;;;;;;;
6727;Lidicei             ;tér;;0;;0;;;;;;;
6726;Liga                ;utca;;0;;0;;;;;;;
6729;Liget               ;sor;;0;;0;;;;;;;
6771;Lila akác;utca;;0;;0;;;;;;;
6726;Lile                ;utca;;0;;0;;;;;;;
6725;Liliom              ;utca;;0;;0;;;;;;;
6726;Lilla;utca;;0;;0;;;;;;;
6710;Limány              ;köz;Szentmihály;0;;0;;;;;;;
6723;Lippai Imre;utca;;0;;0;;;;;;;
6723;Liszt               ;utca;;0;;0;;;;;;;
6791;Lizinka;köz;;0;;0;;;;;;;
6771;Lomb                ;utca;Szõreg;0;;0;;;;;;;
6723;Lomnici             ;utca;;0;;0;;;;;;;
6722;Londoni             ;körút;;-2;;0;;;;;;;
6724;Londoni             ;körút;;-1;;0;;;;;;;
6791;Lovai;tanya;;0;;0;;;;;;;
6771;Lovarda;utca;Szõreg;0;;0;;;;;;;
6723;Lõcsei              ;utca;;0;;0;;;;;;;
6726;Lõtér;park;;0;;0;;;;;;;
6726;Lövölde;út;;0;;0;;;;;;;
6722;Löw Lipót;park;;0;;0;;;;;;;
6722;Löw Immánuel;park;;0;;0;;;;;;;
6727;Lõwy Sándor         ;utca;;0;;0;;;;;;;
6729;Ludas;út;;0;;0;;;;;;;
6757;Lúdvári;utca;Gyálarét;0;;0;;;;;;;
6723;Lugas               ;utca;;0;;0;;;;;;;
6728;Mácsai;tanya;;0;;0;;;;;;;
6728;Macskási;út;;0;;0;;;;;;;
6791;Mácsonya;utca;;0;;0;;;;;;;
6721;Madách              ;utca;;0;;0;;;;;;;
6753;Madarász            ;utca;Tápé;0;;0;;;;;;;
6727;Magas               ;utca;;0;;0;;;;;;;
6726;Magdolna            ;utca;;0;;0;;;;;;;
6725;Máglya              ;sor;;0;;0;;;;;;;
6771;Magtár;köz;;0;;0;;;;;;;
6771;Magyar              ;utca;Szõreg;0;;0;;;;;;;
6720;Magyar Ede;tér;;0;;0;;;;;;;
6791;Majális             ;utca;Kiskundorozsma;0;;0;;;;;;;
6725;Majdáni             ;sor;;0;;0;;;;;;;
6753;Major;utca;Tápé;0;;0;;;;;;;
6727;Május 1.            ;utca;;0;;0;;;;;;;
6771;Makai               ;út;Szõreg;0;;0;;;;;;;
6724;Makkos-erdõ         ;sor;;0;;0;;;;;;;
6723;Makkosházi          ;körút;;0;;0;;;;;;;
6753;Malajdok;köz;;0;;0;;;;;;;
6753;Malajdok;út;;0;;0;;;;;;;
6791;Málna               ;utca;Kiskundorozsma;0;;0;;;;;;;
6723;Malom               ;utca;;0;;0;;;;;;;
6771;Mályva              ;utca;Szõreg;0;;0;;;;;;;
6753;Mályvarózsa;utca;Tápé;0;;0;;;;;;;
6757;Mandarin;utca;Gyálarét;0;;0;;;;;;;
6791;Mandula             ;utca;Kiskundorozsma;0;;0;;;;;;;
6791;Mangó;tanya;;0;;0;;;;;;;
6723;Máramarosi          ;utca;;0;;0;;;;;;;
6724;Margaréta           ;utca;;0;;0;;;;;;;
6753;Margineán;tanya;;0;;0;;;;;;;
6726;Margit;utca;;0;;0;;;;;;;
6753;Margitvirág;utca;;0;;0;;;;;;;
6726;Mária               ;utca;;0;;0;;;;;;;
6725;Markovits Iván      ;utca;;0;;0;;;;;;;
6728;Márkus;tanya;;0;;0;;;;;;;
6710;Márna;utca;;0;;0;;;;;;;
6726;Maróczy Géza;tér;;0;;0;;;;;;;
6721;Maros               ;utca;;0;;0;;;;;;;
6771;Maros-torok          ;utca;Szõreg;0;;0;;;;;;;
6726;Marostõi            ;köz;;0;;0;;;;;;;
6726;Marostõi            ;utca;;0;;0;;;;;;;
6791;Maróthy Gergely;tér;;0;;0;;;;;;;
6728;Maróti              ;utca;;0;;0;;;;;;;
6722;Mars                ;tér;;-3;;0;;;;;;;
6724;Mars                ;tér;;1;;14;;;;;;;
6791;Márták;dûlõ;Kiskundorozsma;0;;0;;;;;;;
6725;Martonosi           ;utca;;0;;0;;;;;;;
6710;Márvány             ;utca;Szentmihály;0;;0;;;;;;;
6771;Máté                ;utca;Szõreg;0;;0;;;;;;;
6710;Mátra               ;köz;Szentmihály;0;;0;;;;;;;
6728;Martus;tanya;;0;;0;;;;;;;
6725;Mátyás király           ;tér;;0;;0;;;;;;;
6791;Mátyás király           ;utca;;0;;0;;;;;;;
6791;Maty-parti;út;;0;;0;;;;;;;
6791;Matty;tér;;0;;0;;;;;;;
6728;MÁV                 ;utca;;0;;0;;;;;;;
6726;Mayer Miklós;utca;;0;;0;;;;;;;
6757;Mazsola;utca;Gyálarét;0;;0;;;;;;;
6753;Medveszõlõ;utca;Tápé;0;;0;;;;;;;
6723;Meggyfa             ;utca;;0;;0;;;;;;;
6791;Mécsvirág;köz;Kiskundorozsma;0;;0;;;;;;;
6729;Méh;utca;Tompasziget;0;;0;;;;;;;
6726;Melinda             ;utca;;0;;0;;;;;;;
6724;Menhely             ;utca;;0;;0;;;;;;;
6791;Menta;utca;Kiskundorozsma;0;;0;;;;;;;
6722;Mérey               ;utca;;0;;0;;;;;;;
6728;Merkapt;köz;;0;;0;;;;;;;
6728;Merkúr;út;;0;;0;;;;;;;
6725;Mertz Tibor;utca;;0;;0;;;;;;;
6753;Mester              ;tanya;;0;;0;;;;;;;
6791;Mester              ;utca;Kiskundorozsma;0;;0;;;;;;;
6725;Mezõ                ;utca;;0;;0;;;;;;;
6728;Mika;tanya;;0;;0;;;;;;;
6710;Mikes Kelemen       ;utca;Szentmihály;0;;0;;;;;;;
6753;Miklós              ;tanya;Tápé;0;;0;;;;;;;
6757;Miklós              ;utca;Gyálarét;0;;0;;;;;;;
6722;Mikszáth Kálmán     ;utca;;0;;0;;;;;;;
6724;Millecentenáriumi;liget;;0;;0;;;;;;;
6771;Mimóza              ;utca;Szõreg;0;;0;;;;;;;
6757;Mogyoró;utca;Gyálarét;0;;0;;;;;;;
6729;Moholi              ;utca;;0;;0;;;;;;;
6729;Mokrini             ;utca;;0;;0;;;;;;;
6726;Mókus;köz;;0;;0;;;;;;;
6723;Molnár              ;utca;;0;;0;;;;;;;
6771;Monti Sándor;park;;0;;0;;;;;;;
6725;Móra                ;utca;;0;;0;;;;;;;
6791;Móra-hegyi           ;út;Kiskundorozsma;0;;0;;;;;;;
6725;Móravárosi         ;körút;;0;;0;;;;;;;
6710;Móricz Zsigmond     ;utca;;0;;0;;;;;;;
6722;Moszkvai            ;körút;;2;;32;;;;;;;
6725;Moszkvai            ;körút;;34;;34;;;;;;;
6725;Moszkvai            ;körút;;-1;;0;;;;;;;
6729;Mozdony             ;utca;;0;;0;;;;;;;
6710;Mozsár;utca;Szentmihály;0;;0;;;;;;;
6728;Muhari;tanya;;0;;0;;;;;;;
6721;Munkácsy            ;utca;;0;;0;;;;;;;
6710;Munkás              ;köz;Szentmihály;0;;0;;;;;;;
6771;Munkás              ;utca;Szõreg;0;;0;;;;;;;
6724;Mura                ;utca;;0;;0;;;;;;;
6723;Murányi             ;utca;;0;;0;;;;;;;
6753;Muskátli            ;utca;Tápé;0;;0;;;;;;;
6710;Muskó               ;köz;Szentmihály;0;;0;;;;;;;
6791;Muskotály           ;utca;Kiskundorozsma;0;;0;;;;;;;
6729;Muslinca;utca;;0;;0;;;;;;;
6728;Must                ;utca;;0;;0;;;;;;;
6791;Mustár;utca;Kiskundorozsma;0;;0;;;;;;;
6726;Mûhely              ;utca;;0;;0;;;;;;;
6728;Müller;tanya;;0;;0;;;;;;;
6726;Mûves;út;;0;;0;;;;;;;
6728;Nád;dûlõ;;0;;0;;;;;;;
6791;Nadályfû;utca;Kiskundorozsma;0;;0;;;;;;;
6728;Nádas               ;tanya;;0;;0;;;;;;;
6724;Nádas               ;utca;;0;;0;;;;;;;
6720;Nádor               ;utca;;0;;0;;;;;;;
6728;Nádvágó;út;;0;;0;;;;;;;
6720;Nagy Jenõ           ;utca;;0;;0;;;;;;;
6728;Nagy-Baktói;út;;0;;0;;;;;;;
6771;Nagybecskereki      ;utca;Szõreg;0;;0;;;;;;;
6710;Nagybercsényi       ;utca;Szentmihály;0;;0;;;;;;;
6728;Nagyfekete;út;;0;;0;;;;;;;
6771;Nagykikinda         ;utca;Szõreg;0;;0;;;;;;;
6753;Nagyrét             ;utca;Tápé;0;;0;;;;;;;
6791;Nagyszeg            ;utca;Kiskundorozsma;0;;0;;;;;;;
6791;Nagyszéki;út;;0;;0;;;;;;;
6728;Nagyszombati        ;utca;;0;;0;;;;;;;
6791;Nap                 ;utca;Kiskundorozsma;0;;0;;;;;;;
6771;Napfény             ;köz;Szõreg;0;;0;;;;;;;
6728;Napos;út;;0;;0;;;;;;;
6757;Napraforgó          ;utca;Gyálarét;0;;0;;;;;;;
6753;Napsugár;utca;Tápé;0;;0;;;;;;;
6757;Narancs;utca;Gyálarét;0;;0;;;;;;;
6757;Naspolya;utca;Gyálarét;0;;0;;;;;;;
6771;Nedelka;tanya;Szõreg;0;;0;;;;;;;
6771;Nefelejcs           ;utca;Szõreg;0;;0;;;;;;;
6729;Négyház             ;utca;;0;;0;;;;;;;
6791;Negyvennyolcas      ;utca;Kiskundorozsma;0;;0;;;;;;;
6791;Nemes         ;tanya;;0;;0;;;;;;;
6722;Nemes takács         ;utca;;1;;19;;;;;;;
6722;Nemes takács         ;utca;;2;;14;;;;;;;
6725;Nemes takács         ;utca;;-3;;0;;;;;;;
6726;Németh András;utca;;0;;0;;;;;;;
6729;Nemzetõr            ;sor;;0;;0;;;;;;;
6728;Népdal              ;utca;;0;;0;;;;;;;
6726;Népkert             ;sor;;0;;0;;;;;;;
6791;Nõszõfû;utca;;0;;0;;;;;;;
6710;Nyár                ;köz;Szentmihály;0;;0;;;;;;;
6771;Nyárfa              ;utca;Szõreg;0;;0;;;;;;;
6725;Nyíl                ;utca;;0;;0;;;;;;;
6753;Nyilassy            ;utca;Tápé;0;;0;;;;;;;
6791;Nyírfa;utca;Kiskundorozsma;0;;0;;;;;;;
6728;Nyírfás;tanya;;0;;0;;;;;;;
6724;Nyitra              ;utca;;0;;0;;;;;;;
6791;Nyugati             ;sor;Kiskundorozsma;0;;0;;;;;;;
6729;Óbébai              ;utca;;0;;0;;;;;;;
6791;Ocskó               ;utca;Kiskundorozsma;0;;0;;;;;;;
6791;Október 6.          ;utca;Kiskundorozsma;0;;0;;;;;;;
6723;Olajbányász         ;tér;;0;;0;;;;;;;
6723;Olajos              ;utca;;0;;0;;;;;;;
6725;Oldal               ;utca;;0;;0;;;;;;;
6726;Olt                 ;utca;;0;;0;;;;;;;
6725;Oltványi            ;utca;;0;;0;;;;;;;
6791;Orczy István        ;utca;Kiskundorozsma;0;;0;;;;;;;
6753;Orgona           ;utca;Tápé;0;;0;;;;;;;
6720;Oroszlán            ;utca;;0;;0;;;;;;;
6726;Orsolya             ;utca;;0;;0;;;;;;;
6726;Orsovai             ;utca;;0;;0;;;;;;;
6723;Ortutay             ;utca;;0;;0;;;;;;;
6710;Orvos               ;köz;Szentmihály;0;;0;;;;;;;
6720;Oskola              ;utca;;0;;0;;;;;;;
6753;Ostrom              ;utca;Tápé;0;;0;;;;;;;
6721;Osztrovszky         ;utca;;0;;0;;;;;;;
6727;Otthon              ;utca;;0;;0;;;;;;;
6710;Óvoda               ;utca;Szentmihály;0;;0;;;;;;;
6726;Ökörszem            ;utca;;0;;0;;;;;;;
6791;Öreghegy;dûlõ;Kiskundorozsma;0;;0;;;;;;;
6791;Öreghegyi;utca;;0;;0;;;;;;;
6791;Õrlõ                ;köz;Kiskundorozsma;0;;0;;;;;;;
6726;Örökzöld;köz;;0;;0;;;;;;;
6729;Örvény              ;utca;;0;;0;;;;;;;
6724;Õsz                 ;utca;;0;;0;;;;;;;
6791;Õszibarack          ;utca;Kiskundorozsma;0;;0;;;;;;;
6791;Õszirózsa;köz;Kiskundorozsma;0;;0;;;;;;;
6724;Öthalom             ;utca;;0;;0;;;;;;;
6729;Ötház               ;utca;;0;;0;;;;;;;
6726;Ötvös;köz;;0;;0;;;;;;;
6724;Pacsirta            ;utca;;0;;0;;;;;;;
6753;Pajor;út;;0;;0;;;;;;;
6753;Pajtás              ;utca;Tápé;0;;0;;;;;;;
6753;Pál;tanya;;0;;0;;;;;;;
6724;Pál                 ;utca;;0;;0;;;;;;;
6771;Palackozó           ;utca;Szõreg;0;;0;;;;;;;
6720;Palánk;;;0;;0;;;;;;;
6729;Palánkai            ;utca;;0;;0;;;;;;;
6710;Palánta             ;utca;Szentmihály;0;;0;;;;;;;
6729;Pálfy;telep;;0;;0;;;;;;;
6725;Pálfy               ;utca;;0;;0;;;;;;;
6729;Palicsi;utca;;0;;0;;;;;;;
6791;Pallantér;sor;Kiskundorozsma;0;;0;;;;;;;
6771;Pálma               ;utca;Szõreg;0;;0;;;;;;;
6791;Palóc               ;utca;Kiskundorozsma;0;;0;;;;;;;
6771;Palotás;utca;;0;;0;;;;;;;
6771;Pálya               ;tér;Szõreg;0;;0;;;;;;;
6726;Páncél;köz;;0;;0;;;;;;;
6729;Pancsovai           ;utca;;0;;0;;;;;;;
6725;Panda;tér;;0;;0;;;;;;;
6727;Pápai               ;utca;;0;;0;;;;;;;
6753;Papdi;tanya;;0;;0;;;;;;;
6728;Paprika             ;tanya;;0;;0;;;;;;;
6725;Paprika             ;utca;;0;;0;;;;;;;
6710;Paradicsom;köz;;0;;0;;;;;;;
6726;Parajdi;utca;;0;;0;;;;;;;
6721;Párizsi             ;körút;;2;;32;;;;;;;
6722;Párizsi             ;körút;;-3;;0;;;;;;;
6724;Párizsi             ;körút;;-1;;0;;;;;;;
6791;Párlófû;utca;;0;;0;;;;;;;
6728;Parobek Alajos;utca;;0;;0;;;;;;;
6791;Pasztinák;köz;;0;;0;;;;;;;
6725;Pásztor             ;utca;;0;;0;;;;;;;
6791;Pásztortáska;köz;;0;;0;;;;;;;
6728;Pázsit              ;utca;;0;;0;;;;;;;
6726;Pécskai             ;utca;;0;;0;;;;;;;
6791;Pemete;utca;;0;;0;;;;;;;
6723;Pentelei            ;sor;;0;;0;;;;;;;
6791;Perec               ;köz;Kiskundorozsma;0;;0;;;;;;;
6791;Perje;köz;Kiskundorozsma;0;;0;;;;;;;
6728;Péter;tanya;;0;;0;;;;;;;
6791;Pesthy Pál;út;Kiskundorozsma;0;;0;;;;;;;
6791;Petneházy           ;utca;Kiskundorozsma;0;;0;;;;;;;
6710;Petõfi              ;utca;Szentmihály;0;;0;;;;;;;
6722;Petõfi Sándor       ;sugárút;;1;;41;;;;;;;
6722;Petõfi Sándor       ;sugárút;;2;;40;;;;;;;
6725;Petõfi Sándor       ;sugárút;;-3;;0;;;;;;;
6724;Petresi             ;utca;;0;;0;;;;;;;
6726;Petri Gábor;út;;0;;0;;;;;;;
6726;Petrozsényi         ;utca;;0;;0;;;;;;;
6728;Pihenõ              ;utca;;0;;0;;;;;;;
6728;Pihenõ              ;park;;0;;0;;;;;;;
6727;Pilisi              ;utca;;0;;0;;;;;;;
6729;Pillangó;utca;Tompasziget;0;;0;;;;;;;
6723;Pille               ;utca;;0;;0;;;;;;;
6726;Pillich Kálmán      ;utca;;0;;0;;;;;;;
6791;Pimpó;utca;;0;;0;;;;;;;
6728;Pintér József;utca;;0;;0;;;;;;;
6726;Pinty               ;utca;;0;;0;;;;;;;
6726;Pipacs              ;utca;;0;;0;;;;;;;
6726;Pipiske             ;utca;;0;;0;;;;;;;
6791;Pipitér             ;utca;Kiskundorozsma;0;;0;;;;;;;
6723;Piroska             ;tér;;0;;0;;;;;;;
6757;Piszke;utca;Gyálarét;0;;0;;;;;;;
6757;Pisztácia;utca;Gyálarét;0;;0;;;;;;;
6753;Pitypang;utca;Tápé;0;;0;;;;;;;
6729;Pók;utca;Tompasziget;0;;0;;;;;;;
6710;Ponty               ;utca;Szentmihály;0;;0;;;;;;;
6791;Porcsin;köz;Kiskundorozsma;0;;0;;;;;;;
6753;Porgány;köz;;0;;0;;;;;;;
6753;Porgány;dûlõ;;0;;0;;;;;;;
6729;Postás              ;utca;;0;;0;;;;;;;
6723;Pósz Jenõ           ;utca;;0;;0;;;;;;;
6724;Pozsonyi Ignác      ;utca;;0;;0;;;;;;;
6728;Pöröséri;út;;0;;0;;;;;;;
6723;Pöstyéni            ;utca;;0;;0;;;;;;;
6791;Pöszméte;utca;;0;;0;;;;;;;
6724;Pulz               ;utca;;0;;0;;;;;;;
6726;Purjesz Béla;utca;;0;;0;;;;;;;
6724;Puskás              ;utca;;0;;0;;;;;;;
6721;Pusztaszeri         ;utca;;0;;0;;;;;;;
6722;Püspök              ;utca;;0;;0;;;;;;;
6753;Rába                ;utca;Tápé;0;;0;;;;;;;
6725;Rábéi               ;utca;;0;;0;;;;;;;
6726;Radnai;utca;;0;;0;;;;;;;
6726;Radnóti             ;utca;;0;;0;;;;;;;
6726;Rahói;utca;;0;;0;;;;;;;
6722;Rákóczi             ;tér;;0;;0;;;;;;;
6725;Rákóczi             ;utca;;0;;0;;;;;;;
6710;Raktár              ;köz;Szentmihály;0;;0;;;;;;;
6791;Rebarbara;utca;Kiskundorozsma;0;;0;;;;;;;
6726;Réce                ;utca;;0;;0;;;;;;;
6753;Régész              ;tér;Tápé;0;;0;;;;;;;
6728;Régi posta;út;;0;;0;;;;;;;
6753;Regina;utca;Tápé;0;;0;;;;;;;
6726;Reizner János;utca;;0;;0;;;;;;;
6791;Rekettye            ;utca;Kiskundorozsma;0;;0;;;;;;;
6725;Remény              ;utca;;0;;0;;;;;;;
6729;Rendezõ             ;tér;;0;;0;;;;;;;
6729;Rendezõ             ;pályaudvar;;0;;0;;;;;;;
6728;Rengey              ;utca;;0;;0;;;;;;;
6725;Répás               ;utca;;0;;0;;;;;;;
6728;Repülõtér;;;0;;0;;;;;;;
6720;Rerrich Béla        ;tér;;0;;0;;;;;;;
6723;Retek               ;utca;;0;;0;;;;;;;
6791;Réti                ;utca;Kiskundorozsma;0;;0;;;;;;;
6753;Réti                ;tanya;Tápé;0;;0;;;;;;;
6753;Rév                 ;utca;Tápé;0;;0;;;;;;;
6720;Révai               ;utca;;0;;0;;;;;;;
6753;Révész;tanya;;0;;0;;;;;;;
6753;Révész 1;tanya;;0;;0;;;;;;;
6727;Réz                 ;utca;;0;;0;;;;;;;
6710;Rezeda              ;utca;Szentmihály;0;;0;;;;;;;
6791;Rezgõfû;köz;;0;;0;;;;;;;
6726;Rézöntõ;utca;;0;;0;;;;;;;
6728;Rheinmetall;utca;;0;;0;;;;;;;
6757;Ribizli;utca;Gyálarét;0;;0;;;;;;;
6724;Rigó                ;utca;;0;;0;;;;;;;
6791;Rigómezõ            ;utca;Kiskundorozsma;0;;0;;;;;;;
6791;Ringló              ;utca;Kiskundorozsma;0;;0;;;;;;;
6791;Rizling;utca;Kiskundorozsma;0;;0;;;;;;;
6724;Rohonci             ;utca;;0;;0;;;;;;;
6724;Rókus            ;állomás;;0;;0;;;;;;;
6724;Rókusi              ;körút;;0;;0;;;;;;;
6724;Rókusi feketeföldek;;;0;;0;;;;;;;
6723;Rom                 ;utca;;0;;0;;;;;;;
6721;Római               ;körút;;-2;;0;;;;;;;
6723;Római               ;körút;;-1;;0;;;;;;;
6723;Róna                ;utca;;0;;0;;;;;;;
6720;Roosevelt           ;tér;;0;;0;;;;;;;
6710;Rosta               ;köz;Szentmihály;0;;0;;;;;;;
6791;Rót-kút;dûlõ;Kiskundorozsma;0;;0;;;;;;;
6710;Rozmaring           ;utca;Szentmihály;0;;0;;;;;;;
6723;Rózsa               ;utca;;1;;29;;;;;;;
6723;Rózsa               ;utca;;2;;28;;;;;;;
6724;Rózsa               ;utca;;-3;;0;;;;;;;
6791;Rózsalapos;dûlõ;Kiskundorozsma;0;;0;;;;;;;
6728;Rózsamajor;út;;0;;0;;;;;;;
6728;Rózsamajor;köz;;0;;0;;;;;;;
6791;Rózsaszéki;utca;;0;;0;;;;;;;
6771;Rózsatõ             ;utca;Szõreg;0;;0;;;;;;;
6791;Rozsnok;utca;;0;;0;;;;;;;
6723;Rozsnyói            ;utca;;0;;0;;;;;;;
6725;Röszkei             ;utca;;0;;0;;;;;;;
6710;Rövid               ;köz;Szentmihály;0;;0;;;;;;;
6791;Rövid               ;utca;Kiskundorozsma;0;;0;;;;;;;
6724;Ruszti              ;utca;;0;;0;;;;;;;
6791;Rügy                ;utca;Kiskundorozsma;0;;0;;;;;;;
6791;Sáfrány;utca;Kiskundorozsma;0;;0;;;;;;;
6721;Sajka               ;utca;;0;;0;;;;;;;
6728;Salakos Horgász;tanya;;0;;0;;;;;;;
6723;Sándor              ;utca;;0;;0;;;;;;;
6728;Sándorfalvi;út;;0;;0;;;;;;;
6710;Sárgabánya          ;;Szentmihály;0;;0;;;;;;;
6728;Sárgatöltés;köz;;0;;0;;;;;;;
6771;Sarkantyú           ;utca;Szõreg;0;;0;;;;;;;
6725;Sárkány             ;utca;;0;;0;;;;;;;
6726;Sarló               ;utca;;0;;0;;;;;;;
6791;Sarlófû;utca;;0;;0;;;;;;;
6726;Sarolta             ;utca;;0;;0;;;;;;;
6724;Sárosi              ;utca;;0;;0;;;;;;;
6726;Sas                 ;utca;;0;;0;;;;;;;
6723;Sás                 ;utca;;0;;0;;;;;;;
6728;Sebesi;tanya;;0;;0;;;;;;;
6791;Sebõk;tanya;;0;;0;;;;;;;
6723;Selmeci             ;utca;;0;;0;;;;;;;
6723;Selyem              ;utca;;0;;0;;;;;;;
6725;Semmelweis          ;utca;;0;;0;;;;;;;
6726;Sepsi               ;utca;;0;;0;;;;;;;
6791;Seregélyes;dûlõ;Kiskundorozsma;0;;0;;;;;;;
6727;Seres János;utca;;0;;0;;;;;;;
6728;Serkédi;tanya;;0;;0;;;;;;;
6791;Sia;dûlõ;Kiskundorozsma;0;;0;;;;;;;
6724;Siha;köz;;0;;0;;;;;;;
6724;Sík Sándor;utca;;0;;0;;;;;;;
6710;Sikér;köz;;0;;0;;;;;;;
6728;Simon;tanya;;0;;0;;;;;;;
6753;Simon 1;tanya;;0;;0;;;;;;;
6729;Sínpár              ;sor;;0;;0;;;;;;;
6771;Sipos Erdei Iskola;tanya;;0;;0;;;;;;;
6729;Sípos Iván        ;utca;;0;;0;;;;;;;
6727;Sirály              ;utca;;0;;0;;;;;;;
6753;Sírhegy;köz;;0;;0;;;;;;;
6753;Sírhegyi;tanya;;0;;0;;;;;;;
6727;Só                  ;utca;;0;;0;;;;;;;
6721;Sóhordó             ;utca;;0;;0;;;;;;;
6728;Sója;tanya;;0;;0;;;;;;;
6710;Solt;köz;;0;;0;;;;;;;
6727;Sólya;utca;;0;;0;;;;;;;
6723;Sólyom              ;utca;;0;;0;;;;;;;
6791;Sóvirág;út;Kiskundorozsma;0;;0;;;;;;;
6757;Som;utca;Gyálarét;0;;0;;;;;;;
6720;Somogyi             ;utca;;0;;0;;;;;;;
6725;Somogyi Béla;tér;;0;;0;;;;;;;
6728;Sopsits;tanya;;0;;0;;;;;;;
6791;Sömlyék             ;út;Kiskundorozsma;0;;0;;;;;;;
6724;Sõtér István;köz;;0;;0;;;;;;;
6710;Sportpálya          ;utca;Szentmihály;0;;0;;;;;;;
6720;Stefánia;;;0;;0;;;;;;;
6791;Strand;utca;Kiskundorozsma;0;;0;;;;;;;
6791;Subasa              ;út;Kiskundorozsma;0;;0;;;;;;;
6791;Subasa              ;dûlõ;Kiskundorozsma;0;;0;;;;;;;
6726;Sulyom;út;;0;;0;;;;;;;
6710;Sügér;utca;;0;;0;;;;;;;
6710;Süllõ;utca;;0;;0;;;;;;;
6791;Süveg               ;utca;Kiskundorozsma;0;;0;;;;;;;
6725;Szabad sajtó        ;utca;;0;;0;;;;;;;
6729;Szabadkai;út;;0;;0;;;;;;;
6725;Szabadság           ;tér;;0;;0;;;;;;;
6728;Szabó 1 ;tanya;;0;;0;;;;;;;
6728;Szabó 2;tanya;;0;;0;;;;;;;
6728;Szabó 3;tanya;;0;;0;;;;;;;
6728;Szabó 4;tanya;;0;;0;;;;;;;
6791;Szabó 5 tanya;;Kiskundorozsma;0;;0;;;;;;;
6729;Szabó János         ;utca;;0;;0;;;;;;;
6725;Szajáni             ;utca;;0;;0;;;;;;;
6757;Szák;út;;0;;0;;;;;;;
6753;Szakál;tanya;;0;;0;;;;;;;
6723;Szakolcai           ;utca;;0;;0;;;;;;;
6728;Szalakóta;tanya;;0;;0;;;;;;;
6729;Szalay;udvar;;0;;0;;;;;;;
6791;Szalmáskert         ;út;Kiskundorozsma;0;;0;;;;;;;
6791;Szamóca;utca;Kiskundorozsma;0;;0;;;;;;;
6723;Szamos              ;utca;;0;;0;;;;;;;
6725;Szántó              ;utca;;0;;0;;;;;;;
6727;Szántó Kovács János ;utca;;0;;0;;;;;;;
6721;Szappanos           ;utca;;0;;0;;;;;;;
6728;Száraz;tanya;;0;;0;;;;;;;
6791;Szarkaláb;utca;Kiskundorozsma;0;;0;;;;;;;
6728;Szárvágó;út;;0;;0;;;;;;;
6710;Szarvas             ;köz;Szentmihály;0;;0;;;;;;;
6724;Szatymazi           ;utca;;0;;0;;;;;;;
6753;Száva               ;utca;Tápé;0;;0;;;;;;;
6726;Szebeni;utca;;0;;0;;;;;;;
6720;Széchenyi           ;tér;;0;;0;;;;;;;
6791;Széchenyi István    ;utca;Kiskundorozsm;0;;0;;;;;;;
6725;Szécsi              ;utca;;0;;0;;;;;;;
6791;Szeder;utca;Kiskundorozsma;0;;0;;;;;;;
6771;Szegfû              ;utca;Szõreg;0;;0;;;;;;;
6753;Szék                ;utca;Tápé;0;;0;;;;;;;
6726;Székely             ;sor;;0;;0;;;;;;;
6791;Szekerce            ;utca;Kiskundorozsma;0;;0;;;;;;;
6725;Szekeres            ;utca;;0;;0;;;;;;;
6728;Székhalom;köz;;0;;0;;;;;;;
6728;Székháti;dûlõ;;0;;0;;;;;;;
6791;Széksósi            ;út;Kiskundorozsma;0;;0;;;;;;;
6791;Szék-tó;dûlõ;Kiskundorozsma;0;;0;;;;;;;
6725;Szél;köz;;0;;0;;;;;;;
6725;Szél                ;utca;;0;;0;;;;;;;
6727;Szellõ              ;utca;;0;;0;;;;;;;
6791;Szélmalom           ;utca;Kiskundorozsma;0;;0;;;;;;;
6728;Szélsõ              ;sor;;0;;0;;;;;;;
6791;Széna               ;utca;Kiskundorozsma;0;;0;;;;;;;
6724;Szende Béla         ;utca;;0;;0;;;;;;;
6753;Szendrey Júlia      ;utca;Tápé;0;;0;;;;;;;
6725;Szent Antal         ;utca;;0;;0;;;;;;;
6725;Szent Ferenc        ;utca;;0;;0;;;;;;;
6724;Szent Gellért       ;utca;;0;;0;;;;;;;
6721;Szent György        ;tér;;0;;0;;;;;;;
6721;Szent István        ;tér;;0;;0;;;;;;;
6791;Szent János         ;tér;Kiskundorozsma;0;;0;;;;;;;
6723;Szent László        ;utca;;0;;0;;;;;;;
6721;Szent Mihály        ;utca;;0;;0;;;;;;;
6721;Szent Miklós        ;utca;;0;;0;;;;;;;
6724;Szent Rókus         ;tér;;0;;0;;;;;;;
6726;Szent-Györgyi Albert;utca;;0;;0;;;;;;;
6720;Szent-Györgyi Albert;tér;;0;;0;;;;;;;
6722;Szentháromság       ;utca;;1;;47;;;;;;;
6722;Szentháromság       ;utca;;2;;50;;;;;;;
6725;Szentháromság       ;utca;;-3;;0;;;;;;;
6771;Szentiváni;dûlõ;Szõreg;0;;0;;;;;;;
6725;Szentmihályteleki   ;utca;;0;;0;;;;;;;
6727;Szepesi             ;utca;;0;;0;;;;;;;
6771;Szerb               ;utca;Szõreg;0;;0;;;;;;;
6757;Szercsika;utca;Gyálarét;0;;0;;;;;;;
6710;Szérûskerti         ;sor;Szentmihály;0;;0;;;;;;;
6729;Sziget              ;utca;;0;;0;;;;;;;
6729;Szigony             ;utca;;0;;0;;;;;;;
6726;Szíjártó;köz;;0;;0;;;;;;;
6753;Szikla     ;utca;Tápé;0;;0;;;;;;;
6725;Szikra              ;utca;;0;;0;;;;;;;
6721;Szilágyi            ;utca;;0;;0;;;;;;;
6724;Szilánk;köz;;0;;0;;;;;;;
6753;Sziliszék           ;út;Tápé;0;;0;;;;;;;
6723;Szilléri            ;sor;;0;;0;;;;;;;
6723;Szilléri            ;sugárút;;0;;0;;;;;;;
6791;Szilva              ;utca;Kiskundorozsma;0;;0;;;;;;;
6753;Szilveszter;köz;Tápé;0;;0;;;;;;;
6753;Szirom              ;utca;Tápé;0;;0;;;;;;;
6729;Szitakötõ;utca;Tompasziget;0;;0;;;;;;;
6771;Szív                ;utca;Szõreg;0;;0;;;;;;;
6725;Szivárvány          ;utca;;0;;0;;;;;;;
6753;Szívvirág;utca;Tápé;0;;0;;;;;;;
6726;Szolgáltató         ;sor;;0;;0;;;;;;;
6753;Szomolya            ;;Tápé;0;;0;;;;;;;
6753;Szomolya            ;udvar;Tápé;0;;0;;;;;;;
6729;Szondi György       ;utca;;0;;0;;;;;;;
6729;Szöcske;utca;Tompasziget;0;;0;;;;;;;
6726;Szögi József;utca;;0;;0;;;;;;;
6727;Szõke               ;utca;;0;;0;;;;;;;
6720;Szõkefalvi-Nagy Béla;utca;;0;;0;;;;;;;
6727;Szõke Tisza;utca;;0;;0;;;;;;;
6757;Szõllõsi;tanya;;0;;0;;;;;;;
6757;Szõlõ;utca;Gyálarét;0;;0;;;;;;;
6726;Szõregi;út;;0;;0;;;;;;;
6771;Szõregi;tanyák;;0;;0;;;;;;;
6771;Szõregi;vasútállomás;;0;;0;;;;;;;
6771;Szõregi MÁV;õrház;;0;;0;;;;;;;
6726;Szöri               ;utca;;0;;0;;;;;;;
6725;Szövetkezeti        ;út;;0;;0;;;;;;;
6726;Szövetség           ;utca;;0;;0;;;;;;;
6726;Szövõ               ;utca;;0;;0;;;;;;;
6791;Sztriha Kálmán      ;utca;Kiskundorozsma;0;;0;;;;;;;
6757;Szúnyog;út;;0;;0;;;;;;;
6791;Szulák;utca;Kiskundorozsma;0;;0;;;;;;;
6791;Szurokfû;utca;Kiskundorozsma;0;;0;;;;;;;
6728;Szuromi;tanya;;0;;0;;;;;;;
6721;Szûcs               ;utca;;0;;0;;;;;;;
6723;Tabán               ;utca;;0;;0;;;;;;;
6722;Tábor               ;utca;;0;;0;;;;;;;
6791;Tábornok            ;utca;Kiskundorozsma;0;;0;;;;;;;
6720;Takaréktár          ;utca;;0;;0;;;;;;;
6753;Taksony             ;utca;Tápé;0;;0;;;;;;;
6791;Talicska            ;utca;Kiskundorozsma;0;;0;;;;;;;
6710;Talpas              ;utca;Szentmihály;0;;0;;;;;;;
6791;Tamás;tanya;;0;;0;;;;;;;
6726;Tambura             ;utca;;0;;0;;;;;;;
6726;Tanács              ;utca;;0;;0;;;;;;;
6791;Táncsics Mihály     ;utca;Kiskundorozsma;0;;0;;;;;;;
6753;Tanító;tér;;0;;0;;;;;;;
6753;Tápai;rét;Tápé;0;;0;;;;;;;
6723;Tápai               ;utca;;0;;0;;;;;;;
6753;Tápé széle;;;0;;0;;;;;;;
6791;Tapodi              ;utca;Kiskundorozsma;0;;0;;;;;;;
6728;Tapolcsányi         ;utca;;0;;0;;;;;;;
6791;Tappancs;tanya;;0;;0;;;;;;;
6723;Tarján széle;;;0;;0;;;;;;;
6791;Tárkony;utca;Kiskundorozsma;0;;0;;;;;;;
6725;Tarló               ;utca;;0;;0;;;;;;;
6728;Tarnóci             ;utca;;0;;0;;;;;;;
6791;Tárnokfû;utca;Kiskundorozsma;0;;0;;;;;;;
6726;Tárogató            ;utca;;0;;0;;;;;;;
6791;Tas                 ;utca;Kiskundorozsma;0;;0;;;;;;;
6723;Tátra               ;tér;;0;;0;;;;;;;
6724;Tavasz              ;utca;;0;;0;;;;;;;
6725;Távol               ;utca;;0;;0;;;;;;;
6725;Tégla;köz;;0;;0;;;;;;;
6771;Téglaégetõ;dûlõ;Szõreg;0;;0;;;;;;;
6725;Téglagyár;utca;;0;;0;;;;;;;
6791;Téglaverõ           ;utca;Kiskundorozsma;0;;0;;;;;;;
6729;Tegzes;utca;;0;;0;;;;;;;
6721;Teleki              ;utca;;0;;0;;;;;;;
6729;Téli-kikötõ;út;;0;;0;;;;;;;
6726;Temesvári           ;körút;;0;;0;;;;;;;
6771;Temesvári           ;utca;Szõreg;0;;0;;;;;;;
6723;Temetõ              ;utca;;0;;0;;;;;;;
6771;Templom             ;tér;Szõreg;0;;0;;;;;;;
6791;Tengelic;dûlõ;Kiskundorozsma;0;;0;;;;;;;
6710;Tenkes              ;köz;Szentmihály;0;;0;;;;;;;
6710;Terehalmi           ;út;Szentmihály;0;;0;;;;;;;
6724;Teréz               ;utca;;0;;0;;;;;;;
6728;Termelõ             ;utca;;0;;0;;;;;;;
6710;Testvériség         ;köz;Szentmihály;0;;0;;;;;;;
6725;Teve;utca;;0;;0;;;;;;;
6724;Textilgyári         ;út;;0;;0;;;;;;;
6726;Thököly             ;utca;;0;;0;;;;;;;
6753;Tigér               ;utca;Tápé;0;;0;;;;;;;
6771;Tigris              ;utca;Szõreg;0;;0;;;;;;;
6721;Tímár               ;utca;;0;;0;;;;;;;
6710;Tinódi              ;utca;Szentmihály;0;;0;;;;;;;
6728;Tisóczki;tanya;;0;;0;;;;;;;
6725;Tisza;pályaudvar;;0;;0;;;;;;;
6710;Tisza               ;köz;Szentmihály;0;;0;;;;;;;
6720;Tisza Lajos         ;körút;;-2;;0;;;;;;;
6721;Tisza Lajos         ;körút;;1;;39;;;;;;;
6722;Tisza Lajos         ;körút;;41;;97;;;;;;;
6725;Tisza Lajos         ;körút;;99;;111;;;;;;;
6725;Tisza Lajos         ;körút;;-3;;0;;;;;;;
6725;Tisza Lajos         ;utca;;0;;0;;;;;;;
6726;Tiszavirág          ;utca;;0;;0;;;;;;;
6729;Titeli              ;utca;;0;;0;;;;;;;
6723;Tó                  ;utca;;0;;0;;;;;;;
6728;Tóbiás György;utca;;0;;0;;;;;;;
6791;Toboz               ;utca;Kiskundorozsma;0;;0;;;;;;;
6720;Toldy               ;utca;;0;;0;;;;;;;
6725;Tompa Mihály        ;utca;;0;;0;;;;;;;
6725;Tompai kapu         ;út;;0;;0;;;;;;;
6724;Tópart              ;utca;;0;;0;;;;;;;
6725;Topolya             ;sor;;0;;0;;;;;;;
6726;Tordai              ;utca;;0;;0;;;;;;;
6726;Tordai              ;sor;;0;;0;;;;;;;
6791;Torma;utca;Kiskundorozsma;0;;0;;;;;;;
6726;Torockói            ;köz;;0;;0;;;;;;;
6726;Torockói            ;utca;;0;;0;;;;;;;
6726;Torontál            ;tér;;0;;0;;;;;;;
6710;Tóth;tanya;;0;;0;;;;;;;
6753;Tóth 2 tanya;;Tápé;0;;0;;;;;;;
6791;Tóth János;dûlõ;Kiskundorozsma;0;;0;;;;;;;
6791;Tóth János;út;Kiskundorozsma;0;;0;;;;;;;
6723;Tölgyes             ;utca;;0;;0;;;;;;;
6728;Tölgyfa             ;utca;;0;;0;;;;;;;
6726;Töltés              ;utca;;0;;0;;;;;;;
6720;Tömörkény           ;utca;;0;;0;;;;;;;
6728;Töpfer;tanya;;0;;0;;;;;;;
6791;Törõ                ;utca;Kiskundorozsma;0;;0;;;;;;;
6753;Török;tanya;;0;;0;;;;;;;
6722;Török               ;utca;;0;;0;;;;;;;
6726;Törökkanizsa        ;utca;;1;;89;;;;;;;
6771;Törökkanizsa        ;utca;Szõreg;91;;0;;;;;;;
6771;Törökkanizsa        ;utca;Szõreg;-2;;0;;;;;;;
6753;Törökverõ           ;utca;Tápé;0;;0;;;;;;;
6753;Tõzike;utca;Tápé;0;;0;;;;;;;
6791;Trafik              ;utca;Kiskundorozsma;0;;0;;;;;;;
6724;Trafó;köz;;0;;0;;;;;;;
6726;Traktor             ;utca;;0;;0;;;;;;;
6723;Trencséni           ;utca;;0;;0;;;;;;;
6791;Trombita            ;utca;Kiskundorozsma;0;;0;;;;;;;
6771;Tulipán             ;utca;Szõreg;0;;0;;;;;;;
6753;Turbolya;utca;Tápé;0;;0;;;;;;;
6791;Turista;utca;;0;;0;;;;;;;
6726;Turul               ;utca;;0;;0;;;;;;;
6726;Tusnádi;utca;;0;;0;;;;;;;
6726;Túzok               ;utca;;0;;0;;;;;;;
6729;Tücsök;utca;Tompasziget;0;;0;;;;;;;
6723;Tünde               ;tér;;0;;0;;;;;;;
6724;Tündér              ;utca;;0;;0;;;;;;;
6791;Tüsök;utca;Kiskundorozsma;0;;0;;;;;;;
6724;Tüzép;köz;;0;;0;;;;;;;
6728;Tûzoltó             ;utca;;0;;0;;;;;;;
6729;Udvardi János       ;utca;;0;;0;;;;;;;
6726;Udvarhelyi          ;utca;;0;;0;;;;;;;
6728;Ugar;utca;;0;;0;;;;;;;
6791;Új                  ;tér;Kiskundorozsma;0;;0;;;;;;;
6710;Új élet             ;utca;Szentmihály;0;;0;;;;;;;
6753;Újföld              ;sor;Tápé;0;;0;;;;;;;
6791;Újhelyi             ;köz;Kiskundorozsma;0;;0;;;;;;;
6791;Ujjaskosbor;utca;;0;;0;;;;;;;
6726;Újszegedi MÁV;õrház;;0;;0;;;;;;;
6791;Ujvári;tanya;;0;;0;;;;;;;
6791;Újvárosi            ;utca;Kiskundorozsma;0;;0;;;;;;;
6729;Újvidéki            ;utca;;0;;0;;;;;;;
6771;Újvilág             ;utca;Szõreg;0;;0;;;;;;;
6723;Ungvári             ;utca;;0;;0;;;;;;;
6791;Ungvári             ;tanya;;0;;0;;;;;;;
6753;Unka;út;;0;;0;;;;;;;
6757;Úszó;út;;0;;0;;;;;;;
6791;Útifû;utca;;0;;0;;;;;;;
6723;Uzsoki              ;utca;;0;;0;;;;;;;
6723;Ûrhajós             ;utca;;0;;0;;;;;;;
6791;Üröm;utca;Kiskundorozsma;0;;0;;;;;;;
6724;Üstökös             ;utca;;0;;0;;;;;;;
6757;Vadalma;utca;Gyálarét;0;;0;;;;;;;
6727;Vadas Márton        ;utca;;0;;0;;;;;;;
6721;Vadász              ;utca;;0;;0;;;;;;;
6791;Vadászház;dûlõ;;0;;0;;;;;;;
6725;Vadkerti            ;tér;;0;;0;;;;;;;
6791;Vadliba             ;utca;Kiskundorozsma;0;;0;;;;;;;
6725;Vadmacska;utca;;0;;0;;;;;;;
6791;Vadmurok;utca;;0;;0;;;;;;;
6726;Vadrózsa            ;sor;;0;;0;;;;;;;
6728;Vadrózsa            ;tanya;;0;;0;;;;;;;
6753;Vadszõlõ;utca;;0;;0;;;;;;;
6724;Vág                 ;utca;;0;;0;;;;;;;
6728;Vágány              ;utca;;0;;0;;;;;;;
6771;Vágóhíd             ;utca;Szõreg;0;;0;;;;;;;
6757;Vágóhorog;utca;;0;;0;;;;;;;
6723;Vajda               ;utca;;0;;0;;;;;;;
6791;Vajk                ;utca;Kiskundorozsma;0;;0;;;;;;;
6728;Vajner;tanya;;0;;0;;;;;;;
6729;Vak Bottyán         ;utca;;0;;0;;;;;;;
6728;Vállalkozó;köz;;0;;0;;;;;;;
6729;Váltó               ;utca;;0;;0;;;;;;;
6725;Vályog;köz;;0;;0;;;;;;;
6791;Vályogos            ;utca;Kiskundorozsma;0;;0;;;;;;;
6725;Vám                 ;tér;;0;;0;;;;;;;
6791;Vándor              ;utca;Kiskundorozsma;0;;0;;;;;;;
6791;Vándor              ;köz;Kiskundorozsma;0;;0;;;;;;;
6726;Vánky József;utca;;0;;0;;;;;;;
6720;Vár                 ;utca;;0;;0;;;;;;;
6725;Váradi              ;utca;;0;;0;;;;;;;
6791;Varjútövis;sor;;0;;0;;;;;;;
6729;Varga;utca;;0;;0;;;;;;;
6728;Városgazda          ;utca;;0;;0;;;;;;;
6729;Varsa               ;utca;;0;;0;;;;;;;
6753;Vártó               ;utca;Tápé;0;;0;;;;;;;
6726;Vas                 ;utca;;0;;0;;;;;;;
6728;Vásár               ;utca;;0;;0;;;;;;;
6724;Vásárhelyi Pál      ;út;;0;;0;;;;;;;
6791;Vásártér            ;sor;Kiskundorozsma;0;;0;;;;;;;
6724;Vasas Szent Péter   ;utca;;0;;0;;;;;;;
6791;Vasfû;utca;;0;;0;;;;;;;
6725;Vasgyár             ;utca;;0;;0;;;;;;;
6729;Vaskapu             ;utca;;0;;0;;;;;;;
6771;Vaspálya            ;utca;Szõreg;0;;0;;;;;;;
6728;Vass Mátyás;út;;0;;0;;;;;;;
6728;Vasutas             ;sor;;0;;0;;;;;;;
6710;Vasvári Pál         ;utca;Szentmihály;0;;0;;;;;;;
6720;Vaszy Viktor        ;tér;;0;;0;;;;;;;
6728;Vecsernyés;tanya;;0;;0;;;;;;;
6726;Védõnõ              ;utca;;0;;0;;;;;;;
6726;Vedres              ;utca;;0;;0;;;;;;;
6727;Végvári             ;utca;;0;;0;;;;;;;
6726;Vellay Imre;utca;;0;;0;;;;;;;
6791;Venyige             ;utca;Kiskundorozsma;0;;0;;;;;;;
6726;Véradó;utca;;0;;0;;;;;;;
6710;Verbéna             ;utca;Szentmihály;0;;0;;;;;;;
6791;Vérfû;utca;Kiskundorozsma;0;;0;;;;;;;
6726;Vércse              ;utca;;0;;0;;;;;;;
6753;Verecke             ;utca;Tápé;0;;0;;;;;;;
6753;Veres Péter         ;utca;Tápé;0;;0;;;;;;;
6725;Veres ács;utca;;0;;0;;;;;;;
6791;Vereshomok;út;Kiskundorozsma;0;;0;;;;;;;
6791;Vereshomok;dûlõ;Kiskundorozsma;0;;0;;;;;;;
6753;Veronika;út;;0;;0;;;;;;;
6729;Verseci             ;utca;;0;;0;;;;;;;
6726;Verseny             ;utca;;0;;0;;;;;;;
6724;Vér-tói;út;;0;;0;;;;;;;
6753;Vetyeháti gátõrház;tanya;;0;;0;;;;;;;
6727;Vezér               ;utca;;0;;0;;;;;;;
6720;Victor Hugo         ;utca;;0;;0;;;;;;;
6721;Vidra               ;utca;;0;;0;;;;;;;
6725;Vikunya;utca;;0;;0;;;;;;;
6725;Világos             ;utca;;0;;0;;;;;;;
6726;Vincellér;utca;;0;;0;;;;;;;
6728;Vinkler László;út;;0;;0;;;;;;;
6771;Viola               ;utca;Szõreg;0;;0;;;;;;;
6791;Virág               ;utca;Kiskundorozsma;0;;0;;;;;;;
6722;Vitéz               ;utca;;0;;0;;;;;;;
6791;Vitéz               ;köz;Kiskundorozsma;0;;0;;;;;;;
6791;Vitorla             ;utca;Kiskundorozsma;0;;0;;;;;;;
6726;Vívó;köz;;0;;0;;;;;;;
6710;Viza;utca;;0;;0;;;;;;;
6729;Vízipók;utca;Tompasziget;0;;0;;;;;;;
6723;Víztorony           ;tér;;0;;0;;;;;;;
6726;Vízügyi ;park;;0;;0;;;;;;;
6728;Vlasics Károly;utca;;0;;0;;;;;;;
6726;Vöcsök              ;utca;;0;;0;;;;;;;
6728;Völgyérhát         ;utca;;0;;0;;;;;;;
6720;Vörösmarty          ;utca;;0;;0;;;;;;;
6791;Wagner Viktória;utca;;0;;0;;;;;;;
6720;Wesselényi          ;utca;;0;;0;;;;;;;
6728;Wimmer Fülöp;köz;;0;;0;;;;;;;
6728;Wimmer Fülöp;utca;;0;;0;;;;;;;
6728;Wolfgang Sandner;utca;;0;;0;;;;;;;
6725;Ybl Miklós          ;utca;;0;;0;;;;;;;
6791;Zádori              ;utca;Kiskundorozsma;0;;0;;;;;;;
6757;Zágon               ;utca;Gyálarét;0;;0;;;;;;;
6753;Zágráb;utca;;1;;89;;;;;;;
6727;Zágráb              ;utca;;91;;0;;;;;;;
6727;Zágráb              ;utca;;-2;;0;;;;;;;
6724;Zákány              ;utca;;0;;0;;;;;;;
6791;Zalán               ;utca;Kiskundorozsma;0;;0;;;;;;;
6728;Zápor;utca;;0;;0;;;;;;;
6721;Zárda               ;utca;;0;;0;;;;;;;
6791;Zárt                ;utca;Kiskundorozsma;0;;0;;;;;;;
6722;Zászló              ;utca;;0;;0;;;;;;;
6757;Zátony              ;utca;Gyálarét;0;;0;;;;;;;
6726;Zengõ;utca;;0;;0;;;;;;;
6729;Zentai              ;utca;;0;;0;;;;;;;
6729;Zocskár;udvar;;0;;0;;;;;;;
6724;Zoltán              ;utca;;0;;0;;;;;;;
6728;Zoltánfy István;utca;;0;;0;;;;;;;
6723;Zólyomi             ;utca;;0;;0;;;;;;;
6729;Zombori             ;utca;;0;;0;;;;;;;
6723;Zöldfa              ;utca;;0;;0;;;;;;;
6791;Zöldfási            ;út;Kiskundorozsma;0;;0;;;;;;;
6720;Zrínyi              ;utca;;0;;0;;;;;;;
6710;Zsák                ;köz;Szentmihály;0;;0;;;;;;;
6771;Zsálya              ;utca;Szõreg;0;;0;;;;;;;
6728;Zsámbok-réti         ;sor;;0;;0;;;;;;;
6791;Zsázsa;köz;Kiskundorozsma;0;;0;;;;;;;
6726;Zsil                ;utca;;0;;0;;;;;;;
6791;Zsilip              ;utca;Kiskundorozsma;0;;0;;;;;;;
6724;Zsitva              ;sor;;0;;0;;;;;;;
6710;Zsoldos             ;köz;Szentmihály;0;;0;;;;;;;
6723;Zsolnai             ;utca;;0;;0;;;;;;;
6791;Zsombói;út;Kiskundorozsma;0;;0;;;;;;;
6726;Zsombolyai          ;utca;;0;;0;;;;;;;
6721;Zsótér              ;utca;;0;;0;;;;;;;
6753;Zsukov              ;tér;Tápé;0;;0;;;;;;;
6753;Zsurló;utca;Tápé;0;;0;;;;;;;
